topology,nodes,k,method,objective,time_sec,gap_pct,status
ARPANET,4,1,ILP,994.6634135264627,1.3550000190734863,0.0,Optimal
ARPANET,4,1,Greedy,994.6634135264627,0.0,0.0,Heuristic
ARPANET,4,1,LocalSearch,994.6634135264627,0.0,0.0,Heuristic
ARPANET,4,2,ILP,46.616139936534445,0.042999982833862305,0.0,Optimal
ARPANET,4,2,Greedy,46.616139936534445,0.0,0.0,Heuristic
ARPANET,4,2,LocalSearch,46.616139936534445,0.0,0.0,Heuristic
ARPANET,4,3,ILP,0.0,0.03400015830993652,0.0,Optimal
ARPANET,4,3,Greedy,0.0,0.0,0.0,Heuristic
ARPANET,4,3,LocalSearch,0.0,0.0,0.0,Heuristic
Renam,5,1,ILP,160.67410410769003,0.009000062942504883,0.0,Optimal
Renam,5,1,Greedy,160.67410410769003,0.0,0.0,Heuristic
Renam,5,1,LocalSearch,160.67410410769003,0.0,0.0,Heuristic
Renam,5,2,ILP,63.03586059205662,0.032000064849853516,0.0,Optimal
Renam,5,2,Greedy,63.03586059205662,0.0,0.0,Heuristic
Renam,5,2,LocalSearch,63.03586059205662,0.0,0.0,Heuristic
Renam,5,3,ILP,13.293820302714641,0.02700018882751465,0.0,Optimal
Renam,5,3,Greedy,13.293820302714641,0.0,0.0,Heuristic
Renam,5,3,LocalSearch,13.293820302714641,0.0,0.0,Heuristic
DataXchange,6,1,ILP,1324.0709904179205,0.007999897003173828,0.0,Optimal
DataXchange,6,1,Greedy,1324.0709904179205,0.0,0.0,Heuristic
DataXchange,6,1,LocalSearch,1324.0709904179205,0.0,0.0,Heuristic
DataXchange,6,2,ILP,4.320775075498613,0.03099989891052246,0.0,Optimal
DataXchange,6,2,Greedy,4.320775075498613,0.0,0.0,Heuristic
DataXchange,6,2,LocalSearch,4.320775075498613,0.0,0.0,Heuristic
DataXchange,6,3,ILP,0.0,0.03399991989135742,0.0,Optimal
DataXchange,6,3,Greedy,0.0,0.0,0.0,Heuristic
DataXchange,6,3,LocalSearch,0.0,0.0,0.0,Heuristic
DataXchange,6,5,ILP,0.0,0.029999971389770508,0.0,Optimal
DataXchange,6,5,Greedy,0.0,0.0,0.0,Heuristic
DataXchange,6,5,LocalSearch,0.0,0.0,0.0,Heuristic
Epoch,6,1,ILP,4473.048560045488,0.010999917984008789,2.0332770582836674e-14,Optimal
Epoch,6,1,Greedy,4473.048560045487,0.0,0.0,Heuristic
Epoch,6,1,LocalSearch,4473.048560045487,0.0,0.0,Heuristic
Epoch,6,2,ILP,491.793966485435,0.0280001163482666,0.0,Optimal
Epoch,6,2,Greedy,1475.381899456305,0.0,200.0,Heuristic
Epoch,6,2,LocalSearch,491.793966485435,0.0,0.0,Heuristic
Epoch,6,3,ILP,0.0,0.0279998779296875,0.0,Optimal
Epoch,6,3,Greedy,0.0,0.0,0.0,Heuristic
Epoch,6,3,LocalSearch,0.0,0.0,0.0,Heuristic
Epoch,6,5,ILP,0.0,0.029999971389770508,0.0,Optimal
Epoch,6,5,Greedy,0.0,0.0,0.0,Heuristic
Epoch,6,5,LocalSearch,0.0,0.0,0.0,Heuristic
Layer42,6,1,ILP,7837.77845916876,0.008999824523925781,0.0,Optimal
Layer42,6,1,Greedy,7837.77845916876,0.0,0.0,Heuristic
Layer42,6,1,LocalSearch,7837.77845916876,0.0,0.0,Heuristic
Layer42,6,2,ILP,550.7781557872514,0.03099989891052246,0.0,Optimal
Layer42,6,2,Greedy,550.7781557872514,0.0,0.0,Heuristic
Layer42,6,2,LocalSearch,550.7781557872514,0.0,0.0,Heuristic
Layer42,6,3,ILP,0.0,0.029000043869018555,0.0,Optimal
Layer42,6,3,Greedy,0.0,0.0,0.0,Heuristic
Layer42,6,3,LocalSearch,0.0,0.0,0.0,Heuristic
Layer42,6,5,ILP,0.0,0.03600001335144043,0.0,Optimal
Layer42,6,5,Greedy,0.0,0.0,0.0,Heuristic
Layer42,6,5,LocalSearch,0.0,0.0,0.0,Heuristic
MREN,6,1,ILP,103.41800236660048,0.010999917984008789,0.0,Optimal
MREN,6,1,Greedy,103.41800236660049,0.0,1.3741180829259077e-14,Heuristic
MREN,6,1,LocalSearch,103.41800236660049,0.0,1.3741180829259077e-14,Heuristic
MREN,6,2,ILP,54.37940216404552,0.029999971389770508,0.0,Optimal
MREN,6,2,Greedy,54.37940216404552,0.0,0.0,Heuristic
MREN,6,2,LocalSearch,54.37940216404552,0.0,0.0,Heuristic
MREN,6,3,ILP,24.33442042787372,0.03299999237060547,0.0,Optimal
MREN,6,3,Greedy,24.33442042787372,0.0,0.0,Heuristic
MREN,6,3,LocalSearch,24.33442042787372,0.0,0.0,Heuristic
MREN,6,5,ILP,0.0,0.034999847412109375,0.0,Optimal
MREN,6,5,Greedy,0.0,0.0,0.0,Heuristic
MREN,6,5,LocalSearch,0.0,0.0,0.0,Heuristic
NapNet,6,1,ILP,1867.2603093307164,0.012000083923339844,0.0,Optimal
NapNet,6,1,Greedy,1867.2603093307164,0.0,0.0,Heuristic
NapNet,6,1,LocalSearch,1867.2603093307164,0.0,0.0,Heuristic
NapNet,6,2,ILP,503.140866115348,0.03500008583068848,0.0,Optimal
NapNet,6,2,Greedy,503.140866115348,0.0,0.0,Heuristic
NapNet,6,2,LocalSearch,503.140866115348,0.0,0.0,Heuristic
NapNet,6,3,ILP,0.0,0.03500008583068848,0.0,Optimal
NapNet,6,3,Greedy,0.0,0.0,0.0,Heuristic
NapNet,6,3,LocalSearch,0.0,0.0,0.0,Heuristic
NapNet,6,5,ILP,0.0,0.031000137329101562,0.0,Optimal
NapNet,6,5,Greedy,0.0,0.0,0.0,Heuristic
NapNet,6,5,LocalSearch,0.0,0.0,0.0,Heuristic
TelecomSerbia,6,1,ILP,330.1351198867577,0.01399993896484375,0.0,Optimal
TelecomSerbia,6,1,Greedy,330.1351198867577,0.0,0.0,Heuristic
TelecomSerbia,6,1,LocalSearch,330.1351198867577,0.0,0.0,Heuristic
TelecomSerbia,6,2,ILP,56.6141271875514,0.04199981689453125,0.0,Optimal
TelecomSerbia,6,2,Greedy,56.6141271875514,0.0,0.0,Heuristic
TelecomSerbia,6,2,LocalSearch,56.6141271875514,0.0,0.0,Heuristic
TelecomSerbia,6,3,ILP,19.77048919770806,0.026000022888183594,0.0,Optimal
TelecomSerbia,6,3,Greedy,19.77048919770806,0.0,0.0,Heuristic
TelecomSerbia,6,3,LocalSearch,19.77048919770806,0.0,0.0,Heuristic
TelecomSerbia,6,5,ILP,0.0,0.03800010681152344,0.0,Optimal
TelecomSerbia,6,5,Greedy,0.0,0.0,0.0,Heuristic
TelecomSerbia,6,5,LocalSearch,0.0,0.0,0.0,Heuristic
BASNET,7,1,ILP,429.3521222569064,0.012000083923339844,0.0,Optimal
BASNET,7,1,Greedy,429.3521222569064,0.0,0.0,Heuristic
BASNET,7,1,LocalSearch,429.3521222569064,0.0,0.0,Heuristic
BASNET,7,2,ILP,256.0492164659065,0.0410001277923584,0.0,Optimal
BASNET,7,2,Greedy,256.0492164659065,0.0,0.0,Heuristic
BASNET,7,2,LocalSearch,256.0492164659065,0.0,0.0,Heuristic
BASNET,7,3,ILP,136.09936946050874,0.03299999237060547,2.0883057388925668e-14,Optimal
BASNET,7,3,Greedy,136.0993694605087,0.0,0.0,Heuristic
BASNET,7,3,LocalSearch,136.0993694605087,0.0,0.0,Heuristic
BASNET,7,5,ILP,14.089576231992492,0.03399991989135742,0.0,Optimal
BASNET,7,5,Greedy,14.089576231992492,0.0,0.0,Heuristic
BASNET,7,5,LocalSearch,14.089576231992492,0.0,0.0,Heuristic
GetNet,7,1,ILP,8135.15516083878,0.009999990463256836,0.0,Optimal
GetNet,7,1,Greedy,8135.15516083878,0.0,0.0,Heuristic
GetNet,7,1,LocalSearch,8135.15516083878,0.0,0.0,Heuristic
GetNet,7,2,ILP,778.7364966636338,0.03299999237060547,0.0,Optimal
GetNet,7,2,Greedy,778.7364966636338,0.0,0.0,Heuristic
GetNet,7,2,LocalSearch,778.7364966636338,0.0010001659393310547,0.0,Heuristic
GetNet,7,3,ILP,0.0,0.03399991989135742,0.0,Optimal
GetNet,7,3,Greedy,0.0,0.0,0.0,Heuristic
GetNet,7,3,LocalSearch,0.0,0.0,0.0,Heuristic
GetNet,7,5,ILP,0.0,0.031000137329101562,0.0,Optimal
GetNet,7,5,Greedy,0.0,0.0,0.0,Heuristic
GetNet,7,5,LocalSearch,0.0,0.0,0.0,Heuristic
Heanet,7,1,ILP,391.5015290726957,0.007999897003173828,0.0,Optimal
Heanet,7,1,Greedy,391.5015290726957,0.0,0.0,Heuristic
Heanet,7,1,LocalSearch,391.5015290726957,0.0,0.0,Heuristic
Heanet,7,2,ILP,61.65977902577004,0.03299999237060547,0.0,Optimal
Heanet,7,2,Greedy,61.65977902577004,0.0,0.0,Heuristic
Heanet,7,2,LocalSearch,61.65977902577004,0.0,0.0,Heuristic
Heanet,7,3,ILP,0.0,0.03099989891052246,0.0,Optimal
Heanet,7,3,Greedy,0.0,0.0,0.0,Heuristic
Heanet,7,3,LocalSearch,0.0,0.0,0.0,Heuristic
Heanet,7,5,ILP,0.0,0.0410001277923584,0.0,Optimal
Heanet,7,5,Greedy,0.0,0.0,0.0,Heuristic
Heanet,7,5,LocalSearch,0.0,0.0,0.0,Heuristic
Netrail,7,1,ILP,3350.108100999531,0.00800013542175293,0.0,Optimal
Netrail,7,1,Greedy,3350.1081009995314,0.0,1.3574109765317324e-14,Heuristic
Netrail,7,1,LocalSearch,3350.1081009995314,0.0,1.3574109765317324e-14,Heuristic
Netrail,7,2,ILP,747.8898880986454,0.029999971389770508,1.5201012813616347e-14,Optimal
Netrail,7,2,Greedy,800.1106246453808,0.0,6.9824097608132965,Heuristic
Netrail,7,2,LocalSearch,747.8898880986453,0.0,0.0,Heuristic
Netrail,7,3,ILP,0.0,0.029999971389770508,0.0,Optimal
Netrail,7,3,Greedy,0.0,0.0,0.0,Heuristic
Netrail,7,3,LocalSearch,0.0,0.0,0.0,Heuristic
Netrail,7,5,ILP,0.0,0.03099989891052246,0.0,Optimal
Netrail,7,5,Greedy,0.0,0.0,0.0,Heuristic
Netrail,7,5,LocalSearch,0.0,0.0,0.0,Heuristic
NORDU,7,1,ILP,1880.1449505991675,0.009000062942504883,0.0,Optimal
NORDU,7,1,Greedy,1880.1449505991675,0.0,0.0,Heuristic
NORDU,7,1,LocalSearch,1880.1449505991675,0.0,0.0,Heuristic
NORDU,7,2,ILP,622.1343521210861,0.03500008583068848,0.0,Optimal
NORDU,7,2,Greedy,622.1343521210862,0.0,1.827367952501185e-14,Heuristic
NORDU,7,2,LocalSearch,622.1343521210862,0.0,1.827367952501185e-14,Heuristic
NORDU,7,3,ILP,292.5238869957083,0.03699994087219238,0.0,Optimal
NORDU,7,3,Greedy,292.5238869957083,0.0,0.0,Heuristic
NORDU,7,3,LocalSearch,292.5238869957083,0.0,0.0,Heuristic
NORDU,7,5,ILP,0.0,0.034999847412109375,0.0,Optimal
NORDU,7,5,Greedy,0.0,0.0,0.0,Heuristic
NORDU,7,5,LocalSearch,0.0,0.0,0.0,Heuristic
Sanren,7,1,ILP,1745.8857771051998,0.013000011444091797,0.0,Optimal
Sanren,7,1,Greedy,1745.8857771051998,0.0,0.0,Heuristic
Sanren,7,1,LocalSearch,1745.8857771051998,0.0,0.0,Heuristic
Sanren,7,2,ILP,386.56024866018254,0.032000064849853516,0.0,Optimal
Sanren,7,2,Greedy,643.7185325102619,0.0,66.52476159703168,Heuristic
Sanren,7,2,LocalSearch,386.56024866018254,0.0,0.0,Heuristic
Sanren,7,3,ILP,91.56292691657552,0.026999950408935547,0.0,Optimal
Sanren,7,3,Greedy,91.56292691657552,0.0,0.0,Heuristic
Sanren,7,3,LocalSearch,91.56292691657552,0.0,0.0,Heuristic
Sanren,7,5,ILP,12.784660500091604,0.031000137329101562,0.0,Optimal
Sanren,7,5,Greedy,17.158856046096503,0.0,34.214405192641266,Heuristic
Sanren,7,5,LocalSearch,12.784660500091604,0.0,0.0,Heuristic
GlobalNetRu,8,1,ILP,2272.0809565006243,0.008999824523925781,0.0,Optimal
GlobalNetRu,8,1,Greedy,2272.0809565006243,0.0,0.0,Heuristic
GlobalNetRu,8,1,LocalSearch,2272.0809565006243,0.0,0.0,Heuristic
GlobalNetRu,8,2,ILP,449.77743495835654,0.03399991989135742,0.0,Optimal
GlobalNetRu,8,2,Greedy,449.77743495835654,0.0,0.0,Heuristic
GlobalNetRu,8,2,LocalSearch,449.77743495835654,0.0,0.0,Heuristic
GlobalNetRu,8,3,ILP,213.75027992019437,0.034999847412109375,0.0,Optimal
GlobalNetRu,8,3,Greedy,213.75027992019437,0.0,0.0,Heuristic
GlobalNetRu,8,3,LocalSearch,213.75027992019437,0.0,0.0,Heuristic
GlobalNetRu,8,5,ILP,0.0,0.0279998779296875,0.0,Optimal
GlobalNetRu,8,5,Greedy,0.0,0.0,0.0,Heuristic
GlobalNetRu,8,5,LocalSearch,0.0,0.0,0.0,Heuristic
Hibernia Atlantic (Ireland),8,1,ILP,503.4636983477564,0.013000011444091797,0.0,Optimal
Hibernia Atlantic (Ireland),8,1,Greedy,503.46369834775646,0.0,1.1290470206164633e-14,Heuristic
Hibernia Atlantic (Ireland),8,1,LocalSearch,503.46369834775646,0.0,1.1290470206164633e-14,Heuristic
Hibernia Atlantic (Ireland),8,2,ILP,78.25487003675286,0.03399991989135742,0.0,Optimal
Hibernia Atlantic (Ireland),8,2,Greedy,78.25487003675286,0.0,0.0,Heuristic
Hibernia Atlantic (Ireland),8,2,LocalSearch,78.25487003675286,0.0,0.0,Heuristic
Hibernia Atlantic (Ireland),8,3,ILP,0.0,0.029999971389770508,0.0,Optimal
Hibernia Atlantic (Ireland),8,3,Greedy,0.0,0.0,0.0,Heuristic
Hibernia Atlantic (Ireland),8,3,LocalSearch,0.0,0.0,0.0,Heuristic
Hibernia Atlantic (Ireland),8,5,ILP,0.0,0.031999826431274414,0.0,Optimal
Hibernia Atlantic (Ireland),8,5,Greedy,0.0,0.0,0.0,Heuristic
Hibernia Atlantic (Ireland),8,5,LocalSearch,0.0,0.0,0.0,Heuristic
ARPANET,9,1,ILP,8422.497271448103,0.012000083923339844,0.0,Optimal
ARPANET,9,1,Greedy,8422.497271448103,0.0,0.0,Heuristic
ARPANET,9,1,LocalSearch,8422.497271448103,0.0,0.0,Heuristic
ARPANET,9,2,ILP,2.0484143539691297,0.03600001335144043,0.0,Optimal
ARPANET,9,2,Greedy,2.0484143539691297,0.0,0.0,Heuristic
ARPANET,9,2,LocalSearch,2.0484143539691297,0.0,0.0,Heuristic
ARPANET,9,3,ILP,1.0242071769845704,0.03500008583068848,1.083982859692355e-12,Optimal
ARPANET,9,3,Greedy,1.0242071769845593,0.0,0.0,Heuristic
ARPANET,9,3,LocalSearch,1.0242071769845593,0.0,0.0,Heuristic
ARPANET,9,5,ILP,0.0,0.029999971389770508,0.0,Optimal
ARPANET,9,5,Greedy,0.0,0.0,0.0,Heuristic
ARPANET,9,5,LocalSearch,0.0,0.0,0.0,Heuristic
GlobalCenter,9,1,ILP,5558.091420025807,0.013000011444091797,0.0,Optimal
GlobalCenter,9,1,Greedy,5558.091420025807,0.0,0.0,Heuristic
GlobalCenter,9,1,LocalSearch,5558.091420025807,0.0,0.0,Heuristic
GlobalCenter,9,2,ILP,780.7862241928319,0.0280001163482666,0.0,Optimal
GlobalCenter,9,2,Greedy,1120.6045517448301,0.0,43.52258236923924,Heuristic
GlobalCenter,9,2,LocalSearch,780.7862241928319,0.0,0.0,Heuristic
GlobalCenter,9,3,ILP,0.0,0.04399991035461426,0.0,Optimal
GlobalCenter,9,3,Greedy,0.0,0.0,0.0,Heuristic
GlobalCenter,9,3,LocalSearch,0.0,0.0,0.0,Heuristic
GlobalCenter,9,5,ILP,0.0,0.026999950408935547,0.0,Optimal
GlobalCenter,9,5,Greedy,0.0,0.0,0.0,Heuristic
GlobalCenter,9,5,LocalSearch,0.0,0.0,0.0,Heuristic
GridNet,9,1,ILP,5176.676901204995,0.010000228881835938,0.0,Optimal
GridNet,9,1,Greedy,5176.676901204995,0.0,0.0,Heuristic
GridNet,9,1,LocalSearch,5176.676901204995,0.0,0.0,Heuristic
GridNet,9,2,ILP,772.5909022929693,0.03099989891052246,0.0,Optimal
GridNet,9,2,Greedy,772.5909022929693,0.0,0.0,Heuristic
GridNet,9,2,LocalSearch,772.5909022929693,0.0,0.0,Heuristic
GridNet,9,3,ILP,0.0,0.0279998779296875,0.0,Optimal
GridNet,9,3,Greedy,0.0,0.0,0.0,Heuristic
GridNet,9,3,LocalSearch,0.0,0.0,0.0,Heuristic
GridNet,9,5,ILP,0.0,0.02700018882751465,0.0,Optimal
GridNet,9,5,Greedy,0.0,0.0,0.0,Heuristic
GridNet,9,5,LocalSearch,0.0,0.0,0.0,Heuristic
NORDU,9,1,ILP,1557.4985750937358,0.014000177383422852,0.0,Optimal
NORDU,9,1,Greedy,1557.4985750937358,0.0,0.0,Heuristic
NORDU,9,1,LocalSearch,1557.4985750937358,0.0,0.0,Heuristic
NORDU,9,2,ILP,545.5772060053979,0.03099989891052246,2.0837900936882477e-14,Optimal
NORDU,9,2,Greedy,545.5772060053978,0.0,0.0,Heuristic
NORDU,9,2,LocalSearch,545.5772060053978,0.0010001659393310547,0.0,Heuristic
NORDU,9,3,ILP,271.5813139359808,0.031999826431274414,0.0,Optimal
NORDU,9,3,Greedy,271.5813139359808,0.0,0.0,Heuristic
NORDU,9,3,LocalSearch,271.5813139359808,0.0,0.0,Heuristic
NORDU,9,5,ILP,42.54964113169561,0.039999961853027344,0.0,Optimal
NORDU,9,5,Greedy,42.54964113169561,0.0,0.0,Heuristic
NORDU,9,5,LocalSearch,42.54964113169561,0.0,0.0,Heuristic
AI3,10,1,ILP,49.689006163354705,0.011999845504760742,0.0,Optimal
AI3,10,1,Greedy,49.689006163354705,0.0,0.0,Heuristic
AI3,10,1,LocalSearch,49.689006163354705,0.0,0.0,Heuristic
AI3,10,2,ILP,27.090666810941734,0.029999971389770508,0.0,Optimal
AI3,10,2,Greedy,27.090666810941734,0.0,0.0,Heuristic
AI3,10,2,LocalSearch,27.090666810941734,0.0009999275207519531,0.0,Heuristic
AI3,10,3,ILP,16.73887213798236,0.04200005531311035,2.1224331302101292e-14,Optimal
AI3,10,3,Greedy,16.738872137982355,0.0,0.0,Heuristic
AI3,10,3,LocalSearch,16.738872137982355,0.0,0.0,Heuristic
AI3,10,5,ILP,3.5193715806447283,0.03699994087219238,0.0,Optimal
AI3,10,5,Greedy,3.5193715806447283,0.0,0.0,Heuristic
AI3,10,5,LocalSearch,3.5193715806447283,0.0,0.0,Heuristic
CESNET,10,1,ILP,432.3772960751733,0.013000011444091797,0.0,Optimal
CESNET,10,1,Greedy,432.3772960751733,0.0,0.0,Heuristic
CESNET,10,1,LocalSearch,432.3772960751733,0.0,0.0,Heuristic
CESNET,10,2,ILP,111.66107841566003,0.0279998779296875,0.0,Optimal
CESNET,10,2,Greedy,111.66107841566004,0.0,1.2726775450172427e-14,Heuristic
CESNET,10,2,LocalSearch,111.66107841566004,0.0,1.2726775450172427e-14,Heuristic
CESNET,10,3,ILP,73.09298788738002,0.02700018882751465,0.0,Optimal
CESNET,10,3,Greedy,73.09298788738002,0.0,0.0,Heuristic
CESNET,10,3,LocalSearch,73.09298788738002,0.0,0.0,Heuristic
CESNET,10,5,ILP,26.027648520583014,0.03299999237060547,0.0,Optimal
CESNET,10,5,Greedy,26.027648520583018,0.0,1.364976815324276e-14,Heuristic
CESNET,10,5,LocalSearch,26.027648520583018,0.0,1.364976815324276e-14,Heuristic
NSFCNET,10,1,ILP,0.0,0.010999917984008789,0.0,Optimal
NSFCNET,10,1,Greedy,0.0,0.0,0.0,Heuristic
NSFCNET,10,1,LocalSearch,0.0,0.0010001659393310547,0.0,Heuristic
NSFCNET,10,2,ILP,0.0,0.031999826431274414,0.0,Optimal
NSFCNET,10,2,Greedy,0.0,0.0,0.0,Heuristic
NSFCNET,10,2,LocalSearch,0.0,0.0,0.0,Heuristic
NSFCNET,10,3,ILP,0.0,0.032000064849853516,0.0,Optimal
NSFCNET,10,3,Greedy,0.0,0.0,0.0,Heuristic
NSFCNET,10,3,LocalSearch,0.0,0.0,0.0,Heuristic
NSFCNET,10,5,ILP,0.0,0.031000137329101562,0.0,Optimal
NSFCNET,10,5,Greedy,0.0,0.0,0.0,Heuristic
NSFCNET,10,5,LocalSearch,0.0,0.0,0.0,Heuristic
Abilene,11,1,ILP,5686.512790886659,0.011999845504760742,1.599389177899162e-14,Optimal
Abilene,11,1,Greedy,5686.512790886658,0.0,0.0,Heuristic
Abilene,11,1,LocalSearch,5686.512790886658,0.0,0.0,Heuristic
Abilene,11,2,ILP,419.4842476991888,0.029999971389770508,0.0,Optimal
Abilene,11,2,Greedy,437.98763029271976,0.0,4.410983891533318,Heuristic
Abilene,11,2,LocalSearch,419.4842476991888,0.0,0.0,Heuristic
Abilene,11,3,ILP,200.490432552829,0.029999971389770508,0.0,Optimal
Abilene,11,3,Greedy,218.99381514635985,0.0,9.229060139144165,Heuristic
Abilene,11,3,LocalSearch,200.490432552829,0.0,0.0,Heuristic
Abilene,11,5,ILP,0.0,0.029999971389770508,0.0,Optimal
Abilene,11,5,Greedy,0.0,0.0,0.0,Heuristic
Abilene,11,5,LocalSearch,0.0,0.0009999275207519531,0.0,Heuristic
Itnet,11,1,ILP,312.60248981228796,0.011999845504760742,1.818393029912892e-14,Optimal
Itnet,11,1,Greedy,312.6024898122879,0.0,0.0,Heuristic
Itnet,11,1,LocalSearch,312.6024898122879,0.0,0.0,Heuristic
Itnet,11,2,ILP,232.4089859512641,0.028999805450439453,0.0,Optimal
Itnet,11,2,Greedy,232.4089859512641,0.0,0.0,Heuristic
Itnet,11,2,LocalSearch,232.4089859512641,0.0,0.0,Heuristic
Itnet,11,3,ILP,169.31784985600385,0.029000043869018555,0.0,Optimal
Itnet,11,3,Greedy,169.31784985600385,0.0,0.0,Heuristic
Itnet,11,3,LocalSearch,169.31784985600385,0.0,0.0,Heuristic
Itnet,11,5,ILP,79.51362446650928,0.026999950408935547,0.0,Optimal
Itnet,11,5,Greedy,79.51362446650928,0.0,0.0,Heuristic
Itnet,11,5,LocalSearch,79.51362446650928,0.0,0.0,Heuristic
Singaren,11,1,ILP,38.23048985264122,0.01399993896484375,1.8585760697780107e-14,Optimal
Singaren,11,1,Greedy,38.23048985264121,0.0,0.0,Heuristic
Singaren,11,1,LocalSearch,38.23048985264121,0.0,0.0,Heuristic
Singaren,11,2,ILP,26.690469386603418,0.026999950408935547,1.3310795053247333e-14,Optimal
Singaren,11,2,Greedy,26.690469386603414,0.0,0.0,Heuristic
Singaren,11,2,LocalSearch,26.690469386603414,0.0,0.0,Heuristic
Singaren,11,3,ILP,19.114018127119177,0.029000043869018555,0.0,Optimal
Singaren,11,3,Greedy,19.114018127119177,0.0,0.0,Heuristic
Singaren,11,3,LocalSearch,19.114018127119177,0.0,0.0,Heuristic
Singaren,11,5,ILP,8.336664706643841,0.0279998779296875,0.0,Optimal
Singaren,11,5,Greedy,8.336664706643841,0.0,0.0,Heuristic
Singaren,11,5,LocalSearch,8.336664706643841,0.0,0.0,Heuristic
Sprint,11,1,ILP,4420.461245303949,0.01399993896484375,0.0,Optimal
Sprint,11,1,Greedy,4420.461245303949,0.0,0.0,Heuristic
Sprint,11,1,LocalSearch,4420.461245303949,0.0,0.0,Heuristic
Sprint,11,2,ILP,596.538165234366,0.029999971389770508,0.0,Optimal
Sprint,11,2,Greedy,596.538165234366,0.0,0.0,Heuristic
Sprint,11,2,LocalSearch,596.538165234366,0.0,0.0,Heuristic
Sprint,11,3,ILP,0.0,0.0279998779296875,0.0,Optimal
Sprint,11,3,Greedy,0.0,0.0,0.0,Heuristic
Sprint,11,3,LocalSearch,0.0,0.0,0.0,Heuristic
Sprint,11,5,ILP,0.0,0.031999826431274414,0.0,Optimal
Sprint,11,5,Greedy,0.0,0.0,0.0,Heuristic
Sprint,11,5,LocalSearch,0.0,0.0,0.0,Heuristic
Janet External,12,1,ILP,0.37409217086747737,0.023000001907348633,0.0,Optimal
Janet External,12,1,Greedy,0.37409217086747737,0.0,0.0,Heuristic
Janet External,12,1,LocalSearch,0.37409217086747737,0.0,0.0,Heuristic
Janet External,12,2,ILP,0.0,0.03399991989135742,0.0,Optimal
Janet External,12,2,Greedy,0.0,0.0,0.0,Heuristic
Janet External,12,2,LocalSearch,0.0,0.0,0.0,Heuristic
Janet External,12,3,ILP,0.0,0.031000137329101562,0.0,Optimal
Janet External,12,3,Greedy,0.0,0.0,0.0,Heuristic
Janet External,12,3,LocalSearch,0.0,0.0,0.0,Heuristic
Janet External,12,5,ILP,0.0,0.0279998779296875,0.0,Optimal
Janet External,12,5,Greedy,0.0,0.0,0.0,Heuristic
Janet External,12,5,LocalSearch,0.0,0.0,0.0,Heuristic
T-lex,12,1,ILP,57.01094530909741,0.015999794006347656,0.0,Optimal
T-lex,12,1,Greedy,57.01094530909741,0.0,0.0,Heuristic
T-lex,12,1,LocalSearch,57.01094530909741,0.0,0.0,Heuristic
T-lex,12,2,ILP,37.23469645844746,0.029999971389770508,1.9082812627545916e-14,Optimal
T-lex,12,2,Greedy,40.30350650611163,0.0,8.24180224240275,Heuristic
T-lex,12,2,LocalSearch,37.23469645844745,0.0,0.0,Heuristic
T-lex,12,3,ILP,20.198826493644283,0.0280001163482666,0.0,Optimal
T-lex,12,3,Greedy,26.395515496985514,0.0,30.678460480320805,Heuristic
T-lex,12,3,LocalSearch,20.198826493644283,0.0,0.0,Heuristic
T-lex,12,5,ILP,6.0115241359069564,0.029000043869018555,0.0,Optimal
T-lex,12,5,Greedy,11.910538539889727,0.0,98.12843250096655,Heuristic
T-lex,12,5,LocalSearch,6.0115241359069564,0.0,0.0,Heuristic
CESNET,13,1,ILP,564.8966511168942,0.010999917984008789,0.0,Optimal
CESNET,13,1,Greedy,564.8966511168942,0.0,0.0,Heuristic
CESNET,13,1,LocalSearch,564.8966511168942,0.0,0.0,Heuristic
CESNET,13,2,ILP,153.20851745777645,0.026000022888183594,0.0,Optimal
CESNET,13,2,Greedy,189.3040559756145,0.0,23.559746622955082,Heuristic
CESNET,13,2,LocalSearch,153.20851745777645,0.0,0.0,Heuristic
CESNET,13,3,ILP,76.8696528885667,0.016000032424926758,0.0,Optimal
CESNET,13,3,Greedy,76.8696528885667,0.0,0.0,Heuristic
CESNET,13,3,LocalSearch,76.8696528885667,0.0,0.0,Heuristic
CESNET,13,5,ILP,17.516038105211464,0.03699994087219238,0.0,Optimal
CESNET,13,5,Greedy,17.516038105211464,0.0,0.0,Heuristic
CESNET,13,5,LocalSearch,17.516038105211464,0.0,0.0,Heuristic
CESNET,13,1,ILP,513.1153535588065,0.014999866485595703,0.0,Optimal
CESNET,13,1,Greedy,513.1153535588065,0.0,0.0,Heuristic
CESNET,13,1,LocalSearch,513.1153535588065,0.0,0.0,Heuristic
CESNET,13,2,ILP,105.97912399523125,0.0279998779296875,0.0,Optimal
CESNET,13,2,Greedy,105.97912399523126,0.0,1.3409107548238888e-14,Heuristic
CESNET,13,2,LocalSearch,105.97912399523126,0.0,1.3409107548238888e-14,Heuristic
CESNET,13,3,ILP,78.78752801112209,0.03299999237060547,0.0,Optimal
CESNET,13,3,Greedy,78.78752801112209,0.0,0.0,Heuristic
CESNET,13,3,LocalSearch,78.78752801112209,0.0,0.0,Heuristic
CESNET,13,5,ILP,41.50733619318113,0.034999847412109375,0.0,Optimal
CESNET,13,5,Greedy,41.50733619318113,0.0,0.0,Heuristic
CESNET,13,5,LocalSearch,41.50733619318113,0.0,0.0,Heuristic
EEnet,13,1,ILP,384.99698976631316,0.014999866485595703,0.0,Optimal
EEnet,13,1,Greedy,384.9969897663132,0.0,1.4764639821031078e-14,Heuristic
EEnet,13,1,LocalSearch,384.9969897663132,0.0,1.4764639821031078e-14,Heuristic
EEnet,13,2,ILP,178.45878078828324,0.02500009536743164,0.0,Optimal
EEnet,13,2,Greedy,199.34910721870588,0.0,11.705967248093073,Heuristic
EEnet,13,2,LocalSearch,178.45878078828326,0.0,1.5926203969824524e-14,Heuristic
EEnet,13,3,ILP,113.23798421705843,0.0280001163482666,1.2549547586401887e-14,Optimal
EEnet,13,3,Greedy,134.12831064748104,0.0,18.44816169667887,Heuristic
EEnet,13,3,LocalSearch,113.23798421705841,0.0,0.0,Heuristic
EEnet,13,5,ILP,33.746807249552894,0.029999971389770508,0.0,Optimal
EEnet,13,5,Greedy,54.63713367997551,0.0,61.903119533476435,Heuristic
EEnet,13,5,LocalSearch,33.7468072495529,0.0,2.1055109910272e-14,Heuristic
Hibernia Atlantic (Canada),13,1,ILP,5407.063572329982,0.012000083923339844,0.0,Optimal
Hibernia Atlantic (Canada),13,1,Greedy,5407.063572329982,0.0,0.0,Heuristic
Hibernia Atlantic (Canada),13,1,LocalSearch,5407.063572329982,0.0,0.0,Heuristic
Hibernia Atlantic (Canada),13,2,ILP,732.8961520063702,0.032000064849853516,0.0,Optimal
Hibernia Atlantic (Canada),13,2,Greedy,732.8961520063702,0.0,0.0,Heuristic
Hibernia Atlantic (Canada),13,2,LocalSearch,732.8961520063702,0.0,0.0,Heuristic
Hibernia Atlantic (Canada),13,3,ILP,0.0,0.0410001277923584,0.0,Optimal
Hibernia Atlantic (Canada),13,3,Greedy,0.0,0.0,0.0,Heuristic
Hibernia Atlantic (Canada),13,3,LocalSearch,0.0,0.0,0.0,Heuristic
Hibernia Atlantic (Canada),13,5,ILP,0.0,0.029999971389770508,0.0,Optimal
Hibernia Atlantic (Canada),13,5,Greedy,0.0,0.0,0.0,Heuristic
Hibernia Atlantic (Canada),13,5,LocalSearch,0.0,0.0,0.0,Heuristic
KREONET,13,1,ILP,412.39572602726463,0.015000104904174805,0.0,Optimal
KREONET,13,1,Greedy,412.3957260272647,0.0,1.378370707388222e-14,Heuristic
KREONET,13,1,LocalSearch,412.3957260272647,0.0,1.378370707388222e-14,Heuristic
KREONET,13,2,ILP,257.4413040285755,0.026000022888183594,0.0,Optimal
KREONET,13,2,Greedy,257.4413040285755,0.0,0.0,Heuristic
KREONET,13,2,LocalSearch,257.4413040285755,0.0,0.0,Heuristic
KREONET,13,3,ILP,148.68674368820598,0.020999908447265625,0.0,Optimal
KREONET,13,3,Greedy,148.68674368820598,0.0,0.0,Heuristic
KREONET,13,3,LocalSearch,148.68674368820598,0.0,0.0,Heuristic
KREONET,13,5,ILP,44.66278310562551,0.026000022888183594,0.0,Optimal
KREONET,13,5,Greedy,44.66278310562551,0.0,0.0,Heuristic
KREONET,13,5,LocalSearch,44.66278310562551,0.0,0.0,Heuristic
Navigata ,13,1,ILP,8960.049893302623,0.01399993896484375,0.0,Optimal
Navigata ,13,1,Greedy,8960.049893302625,0.0,2.0301107976033685e-14,Heuristic
Navigata ,13,1,LocalSearch,8960.049893302625,0.0,2.0301107976033685e-14,Heuristic
Navigata ,13,2,ILP,1196.2043297231974,0.02500009536743164,1.900792948106504e-14,Optimal
Navigata ,13,2,Greedy,4069.54139033814,0.0,240.20453606616155,Heuristic
Navigata ,13,2,LocalSearch,1196.2043297231971,0.0,0.0,Heuristic
Navigata ,13,3,ILP,712.5615751863072,0.03099989891052246,1.5954668576100436e-14,Optimal
Navigata ,13,3,Greedy,712.5615751863071,0.0,0.0,Heuristic
Navigata ,13,3,LocalSearch,712.5615751863071,0.0,0.0,Heuristic
Navigata ,13,5,ILP,149.96787206849018,0.032000064849853516,0.0,Optimal
Navigata ,13,5,Greedy,149.96787206849018,0.0,0.0,Heuristic
Navigata ,13,5,LocalSearch,149.96787206849018,0.0,0.0,Heuristic
NSF,13,1,ILP,5405.011794659135,0.017999887466430664,0.0,Optimal
NSF,13,1,Greedy,5405.011794659135,0.0,0.0,Heuristic
NSF,13,1,LocalSearch,5405.011794659135,0.0,0.0,Heuristic
NSF,13,2,ILP,719.4152201171313,0.0280001163482666,0.0,Optimal
NSF,13,2,Greedy,719.4152201171313,0.0,0.0,Heuristic
NSF,13,2,LocalSearch,719.4152201171313,0.0,0.0,Heuristic
NSF,13,3,ILP,138.1632132510781,0.029000043869018555,0.0,Optimal
NSF,13,3,Greedy,138.16321325107813,0.0,2.0571112064941954e-14,Heuristic
NSF,13,3,LocalSearch,138.16321325107813,0.0009999275207519531,2.0571112064941954e-14,Heuristic
NSF,13,5,ILP,0.0,0.04200005531311035,0.0,Optimal
NSF,13,5,Greedy,0.0,0.0,0.0,Heuristic
NSF,13,5,LocalSearch,0.0,0.0,0.0,Heuristic
UniNet,13,1,ILP,69.03113137070639,0.017999887466430664,0.0,Optimal
UniNet,13,1,Greedy,69.03113137070639,0.0,0.0,Heuristic
UniNet,13,1,LocalSearch,69.03113137070639,0.0,0.0,Heuristic
UniNet,13,2,ILP,23.085718601621465,0.034999847412109375,0.0,Optimal
UniNet,13,2,Greedy,23.085718601621465,0.0,0.0,Heuristic
UniNet,13,2,LocalSearch,23.085718601621465,0.0,0.0,Heuristic
UniNet,13,3,ILP,0.0,0.023000001907348633,0.0,Optimal
UniNet,13,3,Greedy,0.0,0.0,0.0,Heuristic
UniNet,13,3,LocalSearch,0.0,0.0,0.0,Heuristic
UniNet,13,5,ILP,0.0,0.03099989891052246,0.0,Optimal
UniNet,13,5,Greedy,0.0,0.0,0.0,Heuristic
UniNet,13,5,LocalSearch,0.0,0.0010001659393310547,0.0,Heuristic
Compuserve,14,1,ILP,1907.8328394956623,0.016000032424926758,0.0,Optimal
Compuserve,14,1,Greedy,1907.8328394956623,0.0,0.0,Heuristic
Compuserve,14,1,LocalSearch,1907.8328394956623,0.0,0.0,Heuristic
Compuserve,14,2,ILP,635.6244170135355,0.03800010681152344,0.0,Optimal
Compuserve,14,2,Greedy,635.6244170135355,0.0,0.0,Heuristic
Compuserve,14,2,LocalSearch,635.6244170135355,0.0,0.0,Heuristic
Compuserve,14,3,ILP,0.0,0.0280001163482666,0.0,Optimal
Compuserve,14,3,Greedy,0.0,0.0,0.0,Heuristic
Compuserve,14,3,LocalSearch,0.0,0.0,0.0,Heuristic
Compuserve,14,5,ILP,0.0,0.029000043869018555,0.0,Optimal
Compuserve,14,5,Greedy,0.0,0.0,0.0,Heuristic
Compuserve,14,5,LocalSearch,0.0,0.0009999275207519531,0.0,Heuristic
ILAN,14,1,ILP,124.49421168864617,0.010999917984008789,1.1414871842188651e-14,Optimal
ILAN,14,1,Greedy,124.49421168864616,0.0,0.0,Heuristic
ILAN,14,1,LocalSearch,124.49421168864616,0.0,0.0,Heuristic
ILAN,14,2,ILP,54.387526499456634,0.029999971389770508,0.0,Optimal
ILAN,14,2,Greedy,54.387526499456634,0.0,0.0,Heuristic
ILAN,14,2,LocalSearch,54.387526499456634,0.0,0.0,Heuristic
ILAN,14,3,ILP,32.00908453547027,0.029000043869018555,0.0,Optimal
ILAN,14,3,Greedy,32.00908453547027,0.0,0.0,Heuristic
ILAN,14,3,LocalSearch,32.00908453547027,0.0009999275207519531,0.0,Heuristic
ILAN,14,5,ILP,6.097288040414346,0.026000022888183594,1.4566778112056657e-14,Optimal
ILAN,14,5,Greedy,12.1265508755076,0.0,98.8843366941138,Heuristic
ILAN,14,5,LocalSearch,6.0972880404143455,0.0,0.0,Heuristic
NORDU,14,1,ILP,1717.2604072526956,0.011999845504760742,0.0,Optimal
NORDU,14,1,Greedy,1717.2604072526958,0.0,1.3240489006963633e-14,Heuristic
NORDU,14,1,LocalSearch,1717.2604072526958,0.0,1.3240489006963633e-14,Heuristic
NORDU,14,2,ILP,1086.4219702500604,0.026000022888183594,0.0,Optimal
NORDU,14,2,Greedy,1086.4219702500604,0.0,0.0,Heuristic
NORDU,14,2,LocalSearch,1086.4219702500604,0.0,0.0,Heuristic
NORDU,14,3,ILP,634.8786052356868,0.02200007438659668,0.0,Optimal
NORDU,14,3,Greedy,634.8786052356868,0.0,0.0,Heuristic
NORDU,14,3,LocalSearch,634.8786052356868,0.0,0.0,Heuristic
NORDU,14,5,ILP,234.56142640504044,0.021000146865844727,1.2116957961078149e-14,Optimal
NORDU,14,5,Greedy,234.5614264050404,0.0,0.0,Heuristic
NORDU,14,5,LocalSearch,234.5614264050404,0.0,0.0,Heuristic
Claranet,15,1,ILP,4480.872298035923,0.016000032424926758,0.0,Optimal
Claranet,15,1,Greedy,4480.872298035923,0.0,0.0,Heuristic
Claranet,15,1,LocalSearch,4480.872298035923,0.0,0.0,Heuristic
Claranet,15,2,ILP,721.3782878880363,0.029999971389770508,0.0,Optimal
Claranet,15,2,Greedy,801.9222577709554,0.0,11.165288896998264,Heuristic
Claranet,15,2,LocalSearch,721.3782878880363,0.0,0.0,Heuristic
Claranet,15,3,ILP,396.56464723095405,0.0279998779296875,0.0,Optimal
Claranet,15,3,Greedy,496.4834421237201,0.0,25.19609238757349,Heuristic
Claranet,15,3,LocalSearch,396.5646472309541,0.0,1.433396024020849e-14,Heuristic
Claranet,15,5,ILP,103.9488244906815,0.025999784469604492,1.3671010504285152e-14,Optimal
Claranet,15,5,Greedy,103.94882449068149,0.0,0.0,Heuristic
Claranet,15,5,LocalSearch,103.94882449068149,0.0010001659393310547,0.0,Heuristic
euNetworks ,15,1,ILP,0.0,0.016000032424926758,0.0,Optimal
euNetworks ,15,1,Greedy,0.0,0.0,0.0,Heuristic
euNetworks ,15,1,LocalSearch,0.0,0.0,0.0,Heuristic
euNetworks ,15,2,ILP,0.0,0.031999826431274414,0.0,Optimal
euNetworks ,15,2,Greedy,0.0,0.0,0.0,Heuristic
euNetworks ,15,2,LocalSearch,0.0,0.0,0.0,Heuristic
euNetworks ,15,3,ILP,0.0,0.03399991989135742,0.0,Optimal
euNetworks ,15,3,Greedy,0.0,0.0,0.0,Heuristic
euNetworks ,15,3,LocalSearch,0.0,0.0,0.0,Heuristic
euNetworks ,15,5,ILP,0.0,0.03900003433227539,0.0,Optimal
euNetworks ,15,5,Greedy,0.0,0.0,0.0,Heuristic
euNetworks ,15,5,LocalSearch,0.0,0.0,0.0,Heuristic
Hibernia Atlantic (UK),15,1,ILP,1157.256057563,0.016000032424926758,0.0,Optimal
Hibernia Atlantic (UK),15,1,Greedy,1157.256057563,0.0,0.0,Heuristic
Hibernia Atlantic (UK),15,1,LocalSearch,1157.256057563,0.0,0.0,Heuristic
Hibernia Atlantic (UK),15,2,ILP,232.41062509686802,0.029000043869018555,0.0,Optimal
Hibernia Atlantic (UK),15,2,Greedy,259.243027218331,0.0,11.54525620774839,Heuristic
Hibernia Atlantic (UK),15,2,LocalSearch,232.41062509686802,0.0,0.0,Heuristic
Hibernia Atlantic (UK),15,3,ILP,77.73304256598117,0.0280001163482666,0.0,Optimal
Hibernia Atlantic (UK),15,3,Greedy,97.50616734337198,0.0,25.437219649040554,Heuristic
Hibernia Atlantic (UK),15,3,LocalSearch,77.73304256598117,0.0,0.0,Heuristic
Hibernia Atlantic (UK),15,5,ILP,3.5296386720360715,0.032000064849853516,0.0,Optimal
Hibernia Atlantic (UK),15,5,Greedy,3.5296386720360715,0.0,0.0,Heuristic
Hibernia Atlantic (UK),15,5,LocalSearch,3.5296386720360715,0.0,0.0,Heuristic
PADI2,15,1,ILP,0.0,0.017999887466430664,0.0,Optimal
PADI2,15,1,Greedy,0.0,0.0,0.0,Heuristic
PADI2,15,1,LocalSearch,0.0,0.0,0.0,Heuristic
PADI2,15,2,ILP,0.0,0.0279998779296875,0.0,Optimal
PADI2,15,2,Greedy,0.0,0.0,0.0,Heuristic
PADI2,15,2,LocalSearch,0.0,0.0,0.0,Heuristic
PADI2,15,3,ILP,0.0,0.0280001163482666,0.0,Optimal
PADI2,15,3,Greedy,0.0,0.0,0.0,Heuristic
PADI2,15,3,LocalSearch,0.0,0.0,0.0,Heuristic
PADI2,15,5,ILP,0.0,0.032000064849853516,0.0,Optimal
PADI2,15,5,Greedy,0.0,0.0,0.0,Heuristic
PADI2,15,5,LocalSearch,0.0,0.0,0.0,Heuristic
SpiraLight,15,1,ILP,741.7187344879059,0.02500009536743164,0.0,Optimal
SpiraLight,15,1,Greedy,741.718734487906,0.0,1.5327486341585693e-14,Heuristic
SpiraLight,15,1,LocalSearch,741.718734487906,0.0,1.5327486341585693e-14,Heuristic
SpiraLight,15,2,ILP,142.88090962937832,0.032000064849853516,0.0,Optimal
SpiraLight,15,2,Greedy,364.0585840329006,0.0,154.79861863788489,Heuristic
SpiraLight,15,2,LocalSearch,142.88090962937835,0.0,1.9891887239609304e-14,Heuristic
SpiraLight,15,3,ILP,8.623754450501186,0.042999982833862305,0.0,Optimal
SpiraLight,15,3,Greedy,49.1688172910884,0.0,470.1555809979128,Heuristic
SpiraLight,15,3,LocalSearch,8.623754450501186,0.0,0.0,Heuristic
SpiraLight,15,5,ILP,0.0,0.039999961853027344,0.0,Optimal
SpiraLight,15,5,Greedy,0.0,0.0,0.0,Heuristic
SpiraLight,15,5,LocalSearch,0.0,0.0010001659393310547,0.0,Heuristic
Airtel,16,1,ILP,43179.85154980362,0.01699995994567871,0.0,Optimal
Airtel,16,1,Greedy,43179.85154980362,0.0,0.0,Heuristic
Airtel,16,1,LocalSearch,43179.85154980362,0.0,0.0,Heuristic
Airtel,16,2,ILP,16521.34287432691,0.0280001163482666,0.0,Optimal
Airtel,16,2,Greedy,17042.489527124453,0.0,3.1543843424941596,Heuristic
Airtel,16,2,LocalSearch,16521.34287432691,0.0,0.0,Heuristic
Airtel,16,3,ILP,10510.571392759715,0.03299999237060547,0.0,Optimal
Airtel,16,3,Greedy,10510.571392759715,0.0,0.0,Heuristic
Airtel,16,3,LocalSearch,10510.571392759715,0.0,0.0,Heuristic
Airtel,16,5,ILP,3343.0866269877047,0.03099989891052246,0.0,Optimal
Airtel,16,5,Greedy,3343.0866269877047,0.0,0.0,Heuristic
Airtel,16,5,LocalSearch,3343.0866269877047,0.0,0.0,Heuristic
GARR,16,1,ILP,1632.2011888851357,0.01699995994567871,0.0,Optimal
GARR,16,1,Greedy,1632.2011888851357,0.0,0.0,Heuristic
GARR,16,1,LocalSearch,1632.2011888851357,0.0,0.0,Heuristic
GARR,16,2,ILP,405.53590075469333,0.03000020980834961,0.0,Optimal
GARR,16,2,Greedy,459.5115207512507,0.0,13.309702025421164,Heuristic
GARR,16,2,LocalSearch,405.5359007546934,0.0,1.4016864784356618e-14,Heuristic
GARR,16,3,ILP,263.91670866160894,0.04500007629394531,0.0,Optimal
GARR,16,3,Greedy,263.91670866160894,0.0,0.0,Heuristic
GARR,16,3,LocalSearch,263.91670866160894,0.0009999275207519531,0.0,Heuristic
GARR,16,5,ILP,72.73661899830297,0.029999971389770508,0.0,Optimal
GARR,16,5,Greedy,77.4882431664972,0.0,6.532643713210105,Heuristic
GARR,16,5,LocalSearch,72.73661899830299,0.0,1.9537414456305095e-14,Heuristic
GRENA,16,1,ILP,782.7030530249286,0.01699995994567871,0.0,Optimal
GRENA,16,1,Greedy,782.7030530249286,0.0,0.0,Heuristic
GRENA,16,1,LocalSearch,782.7030530249286,0.0,0.0,Heuristic
GRENA,16,2,ILP,118.40634069673165,0.03699994087219238,0.0,Optimal
GRENA,16,2,Greedy,256.95697268494973,0.0,117.01284844456177,Heuristic
GRENA,16,2,LocalSearch,118.40634069673166,0.0,1.2001768344146002e-14,Heuristic
GRENA,16,3,ILP,61.72619443721388,0.031000137329101562,0.0,Optimal
GRENA,16,3,Greedy,100.83996449864176,0.0,63.36656652503225,Heuristic
GRENA,16,3,LocalSearch,61.72619443721388,0.0009999275207519531,0.0,Heuristic
GRENA,16,5,ILP,22.33283855561549,0.03399991989135742,0.0,Optimal
GRENA,16,5,Greedy,25.680875183484723,0.0,14.991540907491968,Heuristic
GRENA,16,5,LocalSearch,22.33283855561549,0.0009999275207519531,0.0,Heuristic
Hostway International,16,1,ILP,26228.0681168128,0.02499985694885254,0.0,Optimal
Hostway International,16,1,Greedy,26228.0681168128,0.0,0.0,Heuristic
Hostway International,16,1,LocalSearch,26228.0681168128,0.0,0.0,Heuristic
Hostway International,16,2,ILP,2073.2866867699827,0.04499983787536621,0.0,Optimal
Hostway International,16,2,Greedy,11212.296699150535,0.0,440.79818149116704,Heuristic
Hostway International,16,2,LocalSearch,2073.2866867699827,0.0,0.0,Heuristic
Hostway International,16,3,ILP,214.17826012225248,0.0409998893737793,0.0,Optimal
Hostway International,16,3,Greedy,1891.0668373963908,0.0,782.9406104601718,Heuristic
Hostway International,16,3,LocalSearch,214.17826012225248,0.0,0.0,Heuristic
Hostway International,16,5,ILP,0.0,0.05299997329711914,0.0,Optimal
Hostway International,16,5,Greedy,0.0,0.0,0.0,Heuristic
Hostway International,16,5,LocalSearch,0.0,0.0,0.0,Heuristic
KentMan,16,1,ILP,212.17878597026424,0.01699995994567871,0.0,Optimal
KentMan,16,1,Greedy,212.17878597026424,0.0,0.0,Heuristic
KentMan,16,1,LocalSearch,212.17878597026424,0.0,0.0,Heuristic
KentMan,16,2,ILP,17.134881408886933,0.03299999237060547,0.0,Optimal
KentMan,16,2,Greedy,43.610167412701486,0.0,154.5110548012504,Heuristic
KentMan,16,2,LocalSearch,17.134881408886933,0.0,0.0,Heuristic
KentMan,16,3,ILP,8.067728193171027,0.03600001335144043,2.201805510631677e-14,Optimal
KentMan,16,3,Greedy,16.371840168928987,0.0,102.92999190016126,Heuristic
KentMan,16,3,LocalSearch,8.067728193171025,0.0,0.0,Heuristic
KentMan,16,5,ILP,2.102814837407673,0.03299999237060547,2.1118797620694508e-14,Optimal
KentMan,16,5,Greedy,3.7541613622766334,0.0,78.53028690365925,Heuristic
KentMan,16,5,LocalSearch,2.1028148374076725,0.0,0.0,Heuristic
MARWAN,16,1,ILP,662.6522233881695,0.02499985694885254,0.0,Optimal
MARWAN,16,1,Greedy,662.6522233881695,0.0,0.0,Heuristic
MARWAN,16,1,LocalSearch,662.6522233881695,0.0,0.0,Heuristic
MARWAN,16,2,ILP,226.4013083477107,0.0279998779296875,0.0,Optimal
MARWAN,16,2,Greedy,226.40130834771074,0.0,1.2553686035574272e-14,Heuristic
MARWAN,16,2,LocalSearch,226.40130834771074,0.0,1.2553686035574272e-14,Heuristic
MARWAN,16,3,ILP,30.89905102963682,0.04699993133544922,0.0,Optimal
MARWAN,16,3,Greedy,30.89905102963682,0.0,0.0,Heuristic
MARWAN,16,3,LocalSearch,30.89905102963682,0.0,0.0,Heuristic
MARWAN,16,5,ILP,1.471228750687084,0.029999971389770508,0.0,Optimal
MARWAN,16,5,Greedy,1.471228750687084,0.0,0.0,Heuristic
MARWAN,16,5,LocalSearch,1.471228750687084,0.0,0.0,Heuristic
peer1,16,1,ILP,12619.832080387177,0.026999950408935547,0.0,Optimal
peer1,16,1,Greedy,12619.832080387177,0.0,0.0,Heuristic
peer1,16,1,LocalSearch,12619.832080387177,0.0,0.0,Heuristic
peer1,16,2,ILP,1501.5094782457115,0.03800010681152344,0.0,Optimal
peer1,16,2,Greedy,1501.5094782457115,0.0,0.0,Heuristic
peer1,16,2,LocalSearch,1501.5094782457115,0.0,0.0,Heuristic
peer1,16,3,ILP,0.0,0.019999980926513672,0.0,Optimal
peer1,16,3,Greedy,0.0,0.0,0.0,Heuristic
peer1,16,3,LocalSearch,0.0,0.0,0.0,Heuristic
peer1,16,5,ILP,0.0,0.037000179290771484,0.0,Optimal
peer1,16,5,Greedy,0.0,0.0,0.0,Heuristic
peer1,16,5,LocalSearch,0.0,0.0,0.0,Heuristic
RHnet,16,1,ILP,627.7866034529601,0.015000104904174805,0.0,Optimal
RHnet,16,1,Greedy,627.7866034529601,0.0,0.0,Heuristic
RHnet,16,1,LocalSearch,627.7866034529601,0.0,0.0,Heuristic
RHnet,16,2,ILP,46.671093710440964,0.03600001335144043,0.0,Optimal
RHnet,16,2,Greedy,46.671093710440964,0.0,0.0,Heuristic
RHnet,16,2,LocalSearch,46.671093710440964,0.0,0.0,Heuristic
RHnet,16,3,ILP,18.200204202898366,0.028999805450439453,0.0,Optimal
RHnet,16,3,Greedy,18.200204202898366,0.0,0.0,Heuristic
RHnet,16,3,LocalSearch,18.200204202898366,0.0,0.0,Heuristic
RHnet,16,5,ILP,0.0,0.03099989891052246,0.0,Optimal
RHnet,16,5,Greedy,0.0,0.0,0.0,Heuristic
RHnet,16,5,LocalSearch,0.0,0.0009999275207519531,0.0,Heuristic
FatMan,17,1,ILP,642.2627882813229,0.01699995994567871,0.0,Optimal
FatMan,17,1,Greedy,642.2627882813229,0.0,0.0,Heuristic
FatMan,17,1,LocalSearch,642.2627882813229,0.0,0.0,Heuristic
FatMan,17,2,ILP,360.66767305590866,0.023999929428100586,0.0,Optimal
FatMan,17,2,Greedy,367.61776812880714,0.0,1.9270080442782331,Heuristic
FatMan,17,2,LocalSearch,360.6676730559087,0.0,1.5760608201777062e-14,Heuristic
FatMan,17,3,ILP,123.2805691099682,0.03600001335144043,0.0,Optimal
FatMan,17,3,Greedy,123.28056910996821,0.0,1.1527246197675888e-14,Heuristic
FatMan,17,3,LocalSearch,123.28056910996821,0.0,1.1527246197675888e-14,Heuristic
FatMan,17,5,ILP,13.111020495044306,0.02200007438659668,0.0,Optimal
FatMan,17,5,Greedy,13.111020495044306,0.0,0.0,Heuristic
FatMan,17,5,LocalSearch,13.111020495044306,0.0,0.0,Heuristic
GoodNet,17,1,ILP,8736.702560439137,0.01399993896484375,0.0,Optimal
GoodNet,17,1,Greedy,8736.702560439137,0.0,0.0,Heuristic
GoodNet,17,1,LocalSearch,8736.702560439137,0.0,0.0,Heuristic
GoodNet,17,2,ILP,1512.5680485843354,0.024000167846679688,0.0,Optimal
GoodNet,17,2,Greedy,1512.5680485843354,0.0,0.0,Heuristic
GoodNet,17,2,LocalSearch,1512.5680485843354,0.0,0.0,Heuristic
GoodNet,17,3,ILP,244.5097844134047,0.0279998779296875,0.0,Optimal
GoodNet,17,3,Greedy,244.5097844134047,0.0,0.0,Heuristic
GoodNet,17,3,LocalSearch,244.5097844134047,0.0,0.0,Heuristic
GoodNet,17,5,ILP,1.5910660285771883,0.02700018882751465,0.0,Optimal
GoodNet,17,5,Greedy,1.5910660285771883,0.0,0.0,Heuristic
GoodNet,17,5,LocalSearch,1.5910660285771883,0.0009999275207519531,0.0,Heuristic
Nextgen ,17,1,ILP,4486.081739425428,0.016000032424926758,0.0,Optimal
Nextgen ,17,1,Greedy,4486.081739425429,0.0,2.0273698844582693e-14,Heuristic
Nextgen ,17,1,LocalSearch,4486.081739425429,0.0,2.0273698844582693e-14,Heuristic
Nextgen ,17,2,ILP,1456.1405915657745,0.03099989891052246,0.0,Optimal
Nextgen ,17,2,Greedy,1647.1807227465952,0.0,13.119621298064155,Heuristic
Nextgen ,17,2,LocalSearch,1456.1405915657745,0.0,0.0,Heuristic
Nextgen ,17,3,ILP,428.4034715141112,0.026000022888183594,0.0,Optimal
Nextgen ,17,3,Greedy,450.53041030899385,0.0,5.1649765387472675,Heuristic
Nextgen ,17,3,LocalSearch,428.40347151411123,0.0,1.3268664387780446e-14,Heuristic
Nextgen ,17,5,ILP,2.2839548230395317,0.026999950408935547,0.0,Optimal
Nextgen ,17,5,Greedy,2.2839548230395317,0.0,0.0,Heuristic
Nextgen ,17,5,LocalSearch,2.2839548230395317,0.0,0.0,Heuristic
ANS,18,1,ILP,10806.610637251046,0.01900005340576172,1.683219155944871e-14,Optimal
ANS,18,1,Greedy,10806.610637251046,0.0,1.683219155944871e-14,Heuristic
ANS,18,1,LocalSearch,10806.610637251044,0.0,0.0,Heuristic
ANS,18,2,ILP,4742.675051309877,0.03600001335144043,0.0,Optimal
ANS,18,2,Greedy,5000.243743404169,0.0,5.430873701185892,Heuristic
ANS,18,2,LocalSearch,4742.675051309878,0.0,1.91768293617699e-14,Heuristic
ANS,18,3,ILP,779.2478241654907,0.0279998779296875,1.4589304480043324e-14,Optimal
ANS,18,3,Greedy,1036.816516259782,0.0,33.053501608442225,Heuristic
ANS,18,3,LocalSearch,779.2478241654906,0.0,0.0,Heuristic
ANS,18,5,ILP,0.0,0.02200007438659668,0.0,Optimal
ANS,18,5,Greedy,0.0,0.0,0.0,Heuristic
ANS,18,5,LocalSearch,0.0,0.0,0.0,Heuristic
ARPANET,18,1,ILP,23268.29010873346,0.017999887466430664,0.0,Optimal
ARPANET,18,1,Greedy,23268.290108733465,0.0,1.56349211312534e-14,Heuristic
ARPANET,18,1,LocalSearch,23268.29010873346,0.0,0.0,Heuristic
ARPANET,18,2,ILP,270.1735975836985,0.0280001163482666,2.103959060736799e-14,Optimal
ARPANET,18,2,Greedy,270.1735975836985,0.0,2.103959060736799e-14,Heuristic
ARPANET,18,2,LocalSearch,270.17359758369844,0.0,0.0,Heuristic
ARPANET,18,3,ILP,11.714888951179933,0.02500009536743164,0.0,Optimal
ARPANET,18,3,Greedy,11.714888951179933,0.0,0.0,Heuristic
ARPANET,18,3,LocalSearch,11.714888951179933,0.0,0.0,Heuristic
ARPANET,18,5,ILP,0.0,0.029999971389770508,0.0,Optimal
ARPANET,18,5,Greedy,0.0,0.0,0.0,Heuristic
ARPANET,18,5,LocalSearch,0.0,0.0,0.0,Heuristic
BSONetworkSolutions,18,1,ILP,3452.8226814296922,0.016000032424926758,1.3170307103583128e-14,Optimal
BSONetworkSolutions,18,1,Greedy,3452.822681429692,0.0,0.0,Heuristic
BSONetworkSolutions,18,1,LocalSearch,3452.8226814296927,0.0,2.6340614207166257e-14,Heuristic
BSONetworkSolutions,18,2,ILP,1584.2199681241364,0.02500009536743164,0.0,Optimal
BSONetworkSolutions,18,2,Greedy,1588.0320821238997,0.0,0.24063034657221663,Heuristic
BSONetworkSolutions,18,2,LocalSearch,1584.2199681241364,0.0,0.0,Heuristic
BSONetworkSolutions,18,3,ILP,778.7774607985056,0.02700018882751465,1.4598116078635517e-14,Optimal
BSONetworkSolutions,18,3,Greedy,778.7774607985056,0.0,1.4598116078635517e-14,Heuristic
BSONetworkSolutions,18,3,LocalSearch,778.7774607985054,0.0,0.0,Heuristic
BSONetworkSolutions,18,5,ILP,125.6542079242348,0.026999950408935547,1.1309493689037988e-14,Optimal
BSONetworkSolutions,18,5,Greedy,125.65420792423478,0.0,0.0,Heuristic
BSONetworkSolutions,18,5,LocalSearch,125.65420792423478,0.0,0.0,Heuristic
Hibernia Atlantic (N. Ireland),18,1,ILP,636.8231744507862,0.01900005340576172,0.0,Optimal
Hibernia Atlantic (N. Ireland),18,1,Greedy,636.8231744507862,0.0,0.0,Heuristic
Hibernia Atlantic (N. Ireland),18,1,LocalSearch,636.8231744507862,0.0,0.0,Heuristic
Hibernia Atlantic (N. Ireland),18,2,ILP,296.23335713492264,0.026999950408935547,0.0,Optimal
Hibernia Atlantic (N. Ireland),18,2,Greedy,299.1542358983933,0.0,0.9860060297464532,Heuristic
Hibernia Atlantic (N. Ireland),18,2,LocalSearch,296.23335713492264,0.0,0.0,Heuristic
Hibernia Atlantic (N. Ireland),18,3,ILP,48.69399474865869,0.0279998779296875,0.0,Optimal
Hibernia Atlantic (N. Ireland),18,3,Greedy,147.95068420943898,0.0,203.83763947301605,Heuristic
Hibernia Atlantic (N. Ireland),18,3,LocalSearch,48.69399474865869,0.0009999275207519531,0.0,Heuristic
Hibernia Atlantic (N. Ireland),18,5,ILP,11.889664019135315,0.024000167846679688,0.0,Optimal
Hibernia Atlantic (N. Ireland),18,5,Greedy,17.1741438835755,0.0,44.4459982715685,Heuristic
Hibernia Atlantic (N. Ireland),18,5,LocalSearch,11.889664019135315,0.0,0.0,Heuristic
Highwinds,18,1,ILP,13239.650793207202,0.0070002079010009766,1.3738953027968955e-14,Optimal
Highwinds,18,1,Greedy,13239.650793207202,0.0,1.3738953027968955e-14,Heuristic
Highwinds,18,1,LocalSearch,13239.6507932072,0.0,0.0,Heuristic
Highwinds,18,2,ILP,2139.705466288668,0.03299999237060547,2.1252801287423274e-14,Optimal
Highwinds,18,2,Greedy,2139.705466288668,0.0,2.1252801287423274e-14,Heuristic
Highwinds,18,2,LocalSearch,2139.7054662886676,0.0,0.0,Heuristic
Highwinds,18,3,ILP,59.59960518254957,0.026999950408935547,0.0,Optimal
Highwinds,18,3,Greedy,59.59960518254957,0.0,0.0,Heuristic
Highwinds,18,3,LocalSearch,59.59960518254957,0.0,0.0,Heuristic
Highwinds,18,5,ILP,0.0,0.015000104904174805,0.0,Optimal
Highwinds,18,5,Greedy,0.0,0.0,0.0,Heuristic
Highwinds,18,5,LocalSearch,0.0,0.0,0.0,Heuristic
IBM,18,1,ILP,11261.918727498509,0.023999929428100586,0.0,Optimal
IBM,18,1,Greedy,11261.918727498509,0.0,0.0,Heuristic
IBM,18,1,LocalSearch,11261.918727498509,0.0,0.0,Heuristic
IBM,18,2,ILP,801.8856429956123,0.029999971389770508,0.0,Optimal
IBM,18,2,Greedy,801.8856429956123,0.0,0.0,Heuristic
IBM,18,2,LocalSearch,801.8856429956123,0.0,0.0,Heuristic
IBM,18,3,ILP,424.09103080660793,0.020999908447265625,0.0,Optimal
IBM,18,3,Greedy,424.09103080660793,0.0,0.0,Heuristic
IBM,18,3,LocalSearch,424.09103080660793,0.0,0.0,Heuristic
IBM,18,5,ILP,40.48700259380803,0.02499985694885254,0.0,Optimal
IBM,18,5,Greedy,40.48700259380803,0.0,0.0,Heuristic
IBM,18,5,LocalSearch,40.48700259380803,0.0009999275207519531,0.0,Heuristic
JGN2plus-Japan,18,1,ILP,2000.8509547510116,0.018000125885009766,0.0,Optimal
JGN2plus-Japan,18,1,Greedy,2000.8509547510116,0.0,0.0,Heuristic
JGN2plus-Japan,18,1,LocalSearch,2000.8509547510116,0.0,0.0,Heuristic
JGN2plus-Japan,18,2,ILP,805.4791789818522,0.03699994087219238,2.8228374038251205e-14,Optimal
JGN2plus-Japan,18,2,Greedy,805.4791789818521,0.0,1.4114187019125603e-14,Heuristic
JGN2plus-Japan,18,2,LocalSearch,805.479178981852,0.0,0.0,Heuristic
JGN2plus-Japan,18,3,ILP,587.8675390029209,0.03600001335144043,0.0,Optimal
JGN2plus-Japan,18,3,Greedy,587.8675390029209,0.0,0.0,Heuristic
JGN2plus-Japan,18,3,LocalSearch,587.867539002921,0.0,1.9338852748093506e-14,Heuristic
JGN2plus-Japan,18,5,ILP,207.4668893063441,0.023000001907348633,1.3699395371199076e-14,Optimal
JGN2plus-Japan,18,5,Greedy,207.46688930634406,0.0,0.0,Heuristic
JGN2plus-Japan,18,5,LocalSearch,207.4668893063441,0.0,1.3699395371199076e-14,Heuristic
NORDU,18,1,ILP,11.636209650836353,0.016000032424926758,0.0,Optimal
NORDU,18,1,Greedy,11.636209650836353,0.0,0.0,Heuristic
NORDU,18,1,LocalSearch,11.636209650836353,0.0,0.0,Heuristic
NORDU,18,2,ILP,0.0,0.0280001163482666,0.0,Optimal
NORDU,18,2,Greedy,0.0,0.0,0.0,Heuristic
NORDU,18,2,LocalSearch,0.0,0.0,0.0,Heuristic
NORDU,18,3,ILP,0.0,0.029000043869018555,0.0,Optimal
NORDU,18,3,Greedy,0.0,0.0,0.0,Heuristic
NORDU,18,3,LocalSearch,0.0,0.0,0.0,Heuristic
NORDU,18,5,ILP,0.0,0.026999950408935547,0.0,Optimal
NORDU,18,5,Greedy,0.0,0.0,0.0,Heuristic
NORDU,18,5,LocalSearch,0.0,0.0,0.0,Heuristic
Pacific-Wave,18,1,ILP,7789.414027598926,0.018000125885009766,1.167603491803707e-14,Optimal
Pacific-Wave,18,1,Greedy,7789.414027598925,0.0,0.0,Heuristic
Pacific-Wave,18,1,LocalSearch,7789.414027598926,0.0,1.167603491803707e-14,Heuristic
Pacific-Wave,18,2,ILP,668.1414471286724,0.03299999237060547,0.0,Optimal
Pacific-Wave,18,2,Greedy,668.1414471286724,0.0,0.0,Heuristic
Pacific-Wave,18,2,LocalSearch,668.1414471286724,0.0,0.0,Heuristic
Pacific-Wave,18,3,ILP,477.9658630206588,0.0409998893737793,0.0,Optimal
Pacific-Wave,18,3,Greedy,477.96586302065884,0.0,1.1892777969867508e-14,Heuristic
Pacific-Wave,18,3,LocalSearch,477.96586302065884,0.0,1.1892777969867508e-14,Heuristic
Pacific-Wave,18,5,ILP,206.31825202515196,0.037999868392944336,1.3775664126380424e-14,Optimal
Pacific-Wave,18,5,Greedy,206.31825202515193,0.0,0.0,Heuristic
Pacific-Wave,18,5,LocalSearch,206.31825202515193,0.0,0.0,Heuristic
Sago,18,1,ILP,2796.183100681856,0.01699995994567871,0.0,Optimal
Sago,18,1,Greedy,2796.183100681856,0.0,0.0,Heuristic
Sago,18,1,LocalSearch,2796.1831006818566,0.0,1.6263146386070815e-14,Heuristic
Sago,18,2,ILP,645.3321282298293,0.0280001163482666,1.7616794941461132e-14,Optimal
Sago,18,2,Greedy,645.3321282298293,0.0,1.7616794941461132e-14,Heuristic
Sago,18,2,LocalSearch,645.3321282298292,0.0,0.0,Heuristic
Sago,18,3,ILP,21.809715337454616,0.05200004577636719,0.0,Optimal
Sago,18,3,Greedy,21.809715337454616,0.0,0.0,Heuristic
Sago,18,3,LocalSearch,21.809715337454616,0.0,0.0,Heuristic
Sago,18,5,ILP,0.0,0.03299999237060547,0.0,Optimal
Sago,18,5,Greedy,0.0,0.0,0.0,Heuristic
Sago,18,5,LocalSearch,0.0,0.0,0.0,Heuristic
AARNET,19,1,ILP,6103.621926572334,0.009999990463256836,0.0,Optimal
AARNET,19,1,Greedy,6103.621926572335,0.0,1.4900901673044506e-14,Heuristic
AARNET,19,1,LocalSearch,6103.621926572335,0.0,1.4900901673044506e-14,Heuristic
AARNET,19,2,ILP,2154.433377628566,0.046000003814697266,0.0,Optimal
AARNET,19,2,Greedy,2247.9007387936317,0.0,4.338373241689524,Heuristic
AARNET,19,2,LocalSearch,2154.433377628566,0.0,0.0,Heuristic
AARNET,19,3,ILP,430.5400201949275,0.03699994087219238,1.320281883088873e-14,Optimal
AARNET,19,3,Greedy,1128.1721892034998,0.0,162.0365439414247,Heuristic
AARNET,19,3,LocalSearch,430.5400201949274,0.0,0.0,Heuristic
AARNET,19,5,ILP,93.49282976607805,0.021999835968017578,0.0,Optimal
AARNET,19,5,Greedy,103.99304732803732,0.0,11.2310404853839,Heuristic
AARNET,19,5,LocalSearch,93.49282976607805,0.0,0.0,Heuristic
EasyNet ,19,1,ILP,20146.742908222168,0.029000043869018555,1.805740423484038e-14,Optimal
EasyNet ,19,1,Greedy,20146.742908222164,0.0,0.0,Heuristic
EasyNet ,19,1,LocalSearch,20146.742908222168,0.0,1.805740423484038e-14,Heuristic
EasyNet ,19,2,ILP,1125.035399237044,0.032000064849853516,2.021035743385748e-14,Optimal
EasyNet ,19,2,Greedy,1125.0353992370437,0.0,0.0,Heuristic
EasyNet ,19,2,LocalSearch,1125.035399237044,0.0,2.021035743385748e-14,Heuristic
EasyNet ,19,3,ILP,604.6510344262563,0.03299999237060547,0.0,Optimal
EasyNet ,19,3,Greedy,604.6510344262563,0.0,0.0,Heuristic
EasyNet ,19,3,LocalSearch,604.6510344262564,0.0,1.8802057922466245e-14,Heuristic
EasyNet ,19,5,ILP,92.1658201210484,0.03599977493286133,0.0,Optimal
EasyNet ,19,5,Greedy,92.1658201210484,0.0,0.0,Heuristic
EasyNet ,19,5,LocalSearch,92.1658201210484,0.0010001659393310547,0.0,Heuristic
InternetMCI,19,1,ILP,11029.43008603524,0.021999835968017578,1.6492143196491585e-14,Optimal
InternetMCI,19,1,Greedy,11029.430086035238,0.0,0.0,Heuristic
InternetMCI,19,1,LocalSearch,11029.43008603524,0.0,1.6492143196491585e-14,Heuristic
InternetMCI,19,2,ILP,776.6348634009538,0.03399991989135742,0.0,Optimal
InternetMCI,19,2,Greedy,776.6348634009538,0.0,0.0,Heuristic
InternetMCI,19,2,LocalSearch,776.6348634009538,0.0,0.0,Heuristic
InternetMCI,19,3,ILP,20.126200963884738,0.037999868392944336,0.0,Optimal
InternetMCI,19,3,Greedy,20.126200963884738,0.0,0.0,Heuristic
InternetMCI,19,3,LocalSearch,20.126200963884738,0.0010001659393310547,0.0,Heuristic
InternetMCI,19,5,ILP,0.0,0.03399991989135742,0.0,Optimal
InternetMCI,19,5,Greedy,0.0,0.0,0.0,Heuristic
InternetMCI,19,5,LocalSearch,0.0,0.0,0.0,Heuristic
Noel Communications ,19,1,ILP,1099.58085693537,0.020999908447265625,0.0,Optimal
Noel Communications ,19,1,Greedy,1099.58085693537,0.0,0.0,Heuristic
Noel Communications ,19,1,LocalSearch,1099.5808569353703,0.0,2.067821334003056e-14,Heuristic
Noel Communications ,19,2,ILP,217.89646503940992,0.04499983787536621,1.3043676236447208e-14,Optimal
Noel Communications ,19,2,Greedy,217.89646503940995,0.0,2.6087352472894417e-14,Heuristic
Noel Communications ,19,2,LocalSearch,217.8964650394099,0.0,0.0,Heuristic
Noel Communications ,19,3,ILP,70.11890009801998,0.031999826431274414,0.0,Optimal
Noel Communications ,19,3,Greedy,70.11890009801998,0.0,0.0,Heuristic
Noel Communications ,19,3,LocalSearch,70.11890009801998,0.0,0.0,Heuristic
Noel Communications ,19,5,ILP,0.0,0.03099989891052246,0.0,Optimal
Noel Communications ,19,5,Greedy,0.0,0.0,0.0,Heuristic
Noel Communications ,19,5,LocalSearch,0.0,0.0009999275207519531,0.0,Heuristic
RedIris,19,1,ILP,1976.6514831797804,0.016000032424926758,0.0,Optimal
RedIris,19,1,Greedy,1976.6514831797804,0.0,0.0,Heuristic
RedIris,19,1,LocalSearch,1976.6514831797808,0.0,2.3005944889937078e-14,Heuristic
RedIris,19,2,ILP,404.3142103327425,0.03600001335144043,1.4059218649284433e-14,Optimal
RedIris,19,2,Greedy,586.1830121991761,0.0,44.982045453401035,Heuristic
RedIris,19,2,LocalSearch,404.31421033274245,0.0,0.0,Heuristic
RedIris,19,3,ILP,155.28785736807407,0.03399991989135742,1.830259616696037e-14,Optimal
RedIris,19,3,Greedy,155.28785736807404,0.0,0.0,Heuristic
RedIris,19,3,LocalSearch,155.28785736807407,0.0,1.830259616696037e-14,Heuristic
RedIris,19,5,ILP,27.23869171739986,0.032000064849853516,1.3042893967374564e-14,Optimal
RedIris,19,5,Greedy,47.46930322913748,0.0,74.271597628951,Heuristic
RedIris,19,5,LocalSearch,27.238691717399856,0.0,0.0,Heuristic
Restena,19,1,ILP,24.276130389589383,0.02200007438659668,0.0,Optimal
Restena,19,1,Greedy,24.276130389589383,0.0,0.0,Heuristic
Restena,19,1,LocalSearch,24.276130389589387,0.0,1.463459629597332e-14,Heuristic
Restena,19,2,ILP,12.005119137916473,0.03000020980834961,1.479666148243276e-14,Optimal
Restena,19,2,Greedy,12.075438984023064,0.0,0.585748840130183,Heuristic
Restena,19,2,LocalSearch,12.005119137916472,0.0,0.0,Heuristic
Restena,19,3,ILP,7.792041531890158,0.029999971389770508,0.0,Optimal
Restena,19,3,Greedy,7.815963847462226,0.0,0.30700960042579295,Heuristic
Restena,19,3,LocalSearch,7.792041531890158,0.0,0.0,Heuristic
Restena,19,5,ILP,3.3338176249333578,0.032000064849853516,1.3320740958616173e-14,Optimal
Restena,19,5,Greedy,3.3338176249333573,0.0,0.0,Heuristic
Restena,19,5,LocalSearch,3.3338176249333578,0.0009999275207519531,1.3320740958616173e-14,Heuristic
Savvis,19,1,ILP,9275.62185268968,0.019999980926513672,0.0,Optimal
Savvis,19,1,Greedy,9275.621852689681,0.0,1.9610430787650088e-14,Heuristic
Savvis,19,1,LocalSearch,9275.62185268968,0.0,0.0,Heuristic
Savvis,19,2,ILP,1061.345146877123,0.03399991989135742,0.0,Optimal
Savvis,19,2,Greedy,1355.0632160114192,0.0,27.67413315060849,Heuristic
Savvis,19,2,LocalSearch,1061.345146877123,0.0,0.0,Heuristic
Savvis,19,3,ILP,322.0852901356132,0.03299999237060547,0.0,Optimal
Savvis,19,3,Greedy,322.0852901356132,0.0,0.0,Heuristic
Savvis,19,3,LocalSearch,322.0852901356132,0.0,0.0,Heuristic
Savvis,19,5,ILP,65.76911132138314,0.031000137329101562,0.0,Optimal
Savvis,19,5,Greedy,65.76911132138314,0.0,0.0,Heuristic
Savvis,19,5,LocalSearch,65.76911132138314,0.0,0.0,Heuristic
BT Asia-Pacific,20,1,ILP,13316.134577308387,0.016000032424926758,0.0,Optimal
BT Asia-Pacific,20,1,Greedy,13316.134577308389,0.0,1.3660040704646677e-14,Heuristic
BT Asia-Pacific,20,1,LocalSearch,13316.134577308389,0.0,1.3660040704646677e-14,Heuristic
BT Asia-Pacific,20,2,ILP,4796.3297841306485,0.029000043869018555,0.0,Optimal
BT Asia-Pacific,20,2,Greedy,7100.687240755348,0.0,48.04418295524632,Heuristic
BT Asia-Pacific,20,2,LocalSearch,4796.3297841306485,0.0,0.0,Heuristic
BT Asia-Pacific,20,3,ILP,2205.0517654398923,0.03500008583068848,2.0622978472151438e-14,Optimal
BT Asia-Pacific,20,3,Greedy,4403.527016372336,0.0,99.70175237558945,Heuristic
BT Asia-Pacific,20,3,LocalSearch,2205.051765439892,0.0,0.0,Heuristic
BT Asia-Pacific,20,5,ILP,452.9495124242845,0.032000064849853516,0.0,Optimal
BT Asia-Pacific,20,5,Greedy,1063.695781432898,0.0,134.83760380704828,Heuristic
BT Asia-Pacific,20,5,LocalSearch,452.9495124242845,0.0,0.0,Heuristic
Electric Lightwave,20,1,ILP,12852.192410459766,0.021000146865844727,0.0,Optimal
Electric Lightwave,20,1,Greedy,12852.192410459766,0.0,0.0,Heuristic
Electric Lightwave,20,1,LocalSearch,12852.192410459766,0.0,0.0,Heuristic
Electric Lightwave,20,2,ILP,2605.8940056873876,0.03299999237060547,0.0,Optimal
Electric Lightwave,20,2,Greedy,2605.8940056873876,0.0,0.0,Heuristic
Electric Lightwave,20,2,LocalSearch,2605.894005687388,0.0,1.745072324100573e-14,Heuristic
Electric Lightwave,20,3,ILP,1447.365438202607,0.03400015830993652,1.570948631505208e-14,Optimal
Electric Lightwave,20,3,Greedy,1447.365438202607,0.0,1.570948631505208e-14,Heuristic
Electric Lightwave,20,3,LocalSearch,1447.3654382026068,0.0,0.0,Heuristic
Electric Lightwave,20,5,ILP,275.382552198507,0.03299999237060547,0.0,Optimal
Electric Lightwave,20,5,Greedy,275.382552198507,0.0,0.0,Heuristic
Electric Lightwave,20,5,LocalSearch,275.382552198507,0.0,0.0,Heuristic
Janet Lense,20,1,ILP,270.5008153397305,0.017000198364257812,0.0,Optimal
Janet Lense,20,1,Greedy,270.5008153397305,0.0,0.0,Heuristic
Janet Lense,20,1,LocalSearch,270.5008153397305,0.0,0.0,Heuristic
Janet Lense,20,2,ILP,78.39826487750288,0.02499985694885254,0.0,Optimal
Janet Lense,20,2,Greedy,78.3982648775029,0.0,1.8126491367387318e-14,Heuristic
Janet Lense,20,2,LocalSearch,78.3982648775029,0.0,1.8126491367387318e-14,Heuristic
Janet Lense,20,3,ILP,18.002413068449385,0.03299999237060547,0.0,Optimal
Janet Lense,20,3,Greedy,18.002413068449385,0.0,0.0,Heuristic
Janet Lense,20,3,LocalSearch,18.002413068449385,0.0,0.0,Heuristic
Janet Lense,20,5,ILP,0.0,0.029000043869018555,0.0,Optimal
Janet Lense,20,5,Greedy,0.0,0.0,0.0,Heuristic
Janet Lense,20,5,LocalSearch,0.0,0.0009999275207519531,0.0,Heuristic
MARNET,20,1,ILP,41.93779086033528,0.017999887466430664,0.0,Optimal
MARNET,20,1,Greedy,41.937790860335284,0.0,1.6942779321076038e-14,Heuristic
MARNET,20,1,LocalSearch,41.937790860335284,0.0,1.6942779321076038e-14,Heuristic
MARNET,20,2,ILP,18.082985086007007,0.03600001335144043,0.0,Optimal
MARNET,20,2,Greedy,18.082985086007007,0.0,0.0,Heuristic
MARNET,20,2,LocalSearch,18.08298508600701,0.0009999275207519531,1.9646721279163502e-14,Heuristic
MARNET,20,3,ILP,5.0710148422133186,0.0409998893737793,0.0,Optimal
MARNET,20,3,Greedy,5.071014842213319,0.0,1.7514806154905017e-14,Heuristic
MARNET,20,3,LocalSearch,5.071014842213319,0.0,1.7514806154905017e-14,Heuristic
MARNET,20,5,ILP,1.5683464507717868,0.04399991035461426,1.415787977304139e-14,Optimal
MARNET,20,5,Greedy,1.5683464507717868,0.0,1.415787977304139e-14,Heuristic
MARNET,20,5,LocalSearch,1.5683464507717866,0.0,0.0,Heuristic
Oxford,20,1,ILP,345.63903969715943,0.020999908447265625,0.0,Optimal
Oxford,20,1,Greedy,345.6390396971595,0.0,1.644589075082862e-14,Heuristic
Oxford,20,1,LocalSearch,345.63903969715955,0.0,3.289178150165724e-14,Heuristic
Oxford,20,2,ILP,51.597584357172984,0.03399991989135742,0.0,Optimal
Oxford,20,2,Greedy,51.597584357172984,0.0,0.0,Heuristic
Oxford,20,2,LocalSearch,51.597584357172984,0.0010001659393310547,0.0,Heuristic
Oxford,20,3,ILP,30.33584735617854,0.037999868392944336,0.0,Optimal
Oxford,20,3,Greedy,30.33584735617854,0.0,0.0,Heuristic
Oxford,20,3,LocalSearch,30.33584735617854,0.0009999275207519531,0.0,Heuristic
Oxford,20,5,ILP,6.408497623950593,0.042999982833862305,0.0,Optimal
Oxford,20,5,Greedy,6.408497623950593,0.0,0.0,Heuristic
Oxford,20,5,LocalSearch,6.408497623950593,0.0009999275207519531,0.0,Heuristic
Quest ,20,1,ILP,31610.080936341663,0.026999950408935547,1.1508919620984522e-14,Optimal
Quest ,20,1,Greedy,31610.080936341663,0.0,1.1508919620984522e-14,Heuristic
Quest ,20,1,LocalSearch,31610.08093634166,0.0,0.0,Heuristic
Quest ,20,2,ILP,7271.760645720031,0.03800010681152344,0.0,Optimal
Quest ,20,2,Greedy,12663.562074888647,0.0,74.14712463538098,Heuristic
Quest ,20,2,LocalSearch,7271.760645720031,0.0,0.0,Heuristic
Quest ,20,3,ILP,2897.3440154490972,0.03699994087219238,0.0,Optimal
Quest ,20,3,Greedy,3245.241816816011,0.0,12.00747303433309,Heuristic
Quest ,20,3,LocalSearch,2897.3440154490972,0.0,0.0,Heuristic
Quest ,20,5,ILP,377.8038267637947,0.03900003433227539,0.0,Optimal
Quest ,20,5,Greedy,720.086187744746,0.0,90.59790736184056,Heuristic
Quest ,20,5,LocalSearch,377.8038267637947,0.0009999275207519531,0.0,Heuristic
TWAREN,20,1,ILP,190.41352502854366,0.029999971389770508,0.0,Optimal
TWAREN,20,1,Greedy,190.41352502854366,0.0,0.0,Heuristic
TWAREN,20,1,LocalSearch,190.41352502854366,0.0,0.0,Heuristic
TWAREN,20,2,ILP,57.46051306501175,0.04200005531311035,0.0,Optimal
TWAREN,20,2,Greedy,105.30844382761451,0.0,83.27097725087633,Heuristic
TWAREN,20,2,LocalSearch,57.46051306501176,0.0,1.2365756897370211e-14,Heuristic
TWAREN,20,3,ILP,29.797065738917457,0.034999847412109375,0.0,Optimal
TWAREN,20,3,Greedy,36.846734642601824,0.0,23.65893663978098,Heuristic
TWAREN,20,3,LocalSearch,29.797065738917457,0.0,0.0,Heuristic
TWAREN,20,5,ILP,14.573199763146983,0.05099987983703613,0.0,Optimal
TWAREN,20,5,Greedy,14.573199763146983,0.0,0.0,Heuristic
TWAREN,20,5,LocalSearch,14.573199763146983,0.0,0.0,Heuristic
ATMnet,21,1,ILP,12661.742560253171,0.026000022888183594,0.0,Optimal
ATMnet,21,1,Greedy,12661.742560253171,0.0,0.0,Heuristic
ATMnet,21,1,LocalSearch,12661.742560253175,0.0,2.873205476876298e-14,Heuristic
ATMnet,21,2,ILP,2163.072064251717,0.039999961853027344,0.0,Optimal
ATMnet,21,2,Greedy,2540.3098291723763,0.0,17.439907396296526,Heuristic
ATMnet,21,2,LocalSearch,2163.072064251717,0.0,0.0,Heuristic
ATMnet,21,3,ILP,1381.3617429047376,0.0410001277923584,0.0,Optimal
ATMnet,21,3,Greedy,1381.3617429047376,0.0,0.0,Heuristic
ATMnet,21,3,LocalSearch,1381.3617429047379,0.0,1.6460110945675172e-14,Heuristic
ATMnet,21,5,ILP,265.921569309781,0.04500007629394531,2.137600910236402e-14,Optimal
ATMnet,21,5,Greedy,265.9215693097809,0.0,0.0,Heuristic
ATMnet,21,5,LocalSearch,265.921569309781,0.0,2.137600910236402e-14,Heuristic
BELNET,21,1,ILP,457.0163752119299,0.031999826431274414,0.0,Optimal
BELNET,21,1,Greedy,457.0163752119299,0.0,0.0,Heuristic
BELNET,21,1,LocalSearch,457.0163752119299,0.0,0.0,Heuristic
BELNET,21,2,ILP,140.8379300829998,0.07399988174438477,0.0,Optimal
BELNET,21,2,Greedy,140.83793008299983,0.0,2.0180436771297535e-14,Heuristic
BELNET,21,2,LocalSearch,140.83793008299983,0.0009999275207519531,2.0180436771297535e-14,Heuristic
BELNET,21,3,ILP,90.35614034454713,0.054000139236450195,1.5727602641074532e-14,Optimal
BELNET,21,3,Greedy,90.35614034454711,0.0,0.0,Heuristic
BELNET,21,3,LocalSearch,90.35614034454713,0.0009999275207519531,1.5727602641074532e-14,Heuristic
BELNET,21,5,ILP,33.1709715871959,0.04699993133544922,0.0,Optimal
BELNET,21,5,Greedy,33.39321722297503,0.0010001659393310547,0.6700003802870794,Heuristic
BELNET,21,5,LocalSearch,33.1709715871959,0.0009999275207519531,0.0,Heuristic
BELNET,21,1,ILP,457.0163752119299,0.023999929428100586,0.0,Optimal
BELNET,21,1,Greedy,457.0163752119299,0.0,0.0,Heuristic
BELNET,21,1,LocalSearch,457.0163752119299,0.0,0.0,Heuristic
BELNET,21,2,ILP,140.8379300829998,0.046000003814697266,0.0,Optimal
BELNET,21,2,Greedy,140.83793008299983,0.0,2.0180436771297535e-14,Heuristic
BELNET,21,2,LocalSearch,140.83793008299983,0.0,2.0180436771297535e-14,Heuristic
BELNET,21,3,ILP,90.35614034454713,0.03900003433227539,1.5727602641074532e-14,Optimal
BELNET,21,3,Greedy,90.35614034454711,0.0,0.0,Heuristic
BELNET,21,3,LocalSearch,90.35614034454713,0.0009999275207519531,1.5727602641074532e-14,Heuristic
BELNET,21,5,ILP,33.1709715871959,0.034999847412109375,0.0,Optimal
BELNET,21,5,Greedy,33.39321722297503,0.0,0.6700003802870794,Heuristic
BELNET,21,5,LocalSearch,33.1709715871959,0.0,0.0,Heuristic
BELNET,21,1,ILP,374.91778055595125,0.03399991989135742,1.516156923166383e-14,Optimal
BELNET,21,1,Greedy,374.91778055595125,0.0,1.516156923166383e-14,Heuristic
BELNET,21,1,LocalSearch,374.9177805559512,0.0,0.0,Heuristic
BELNET,21,2,ILP,167.60905723739688,0.03900003433227539,0.0,Optimal
BELNET,21,2,Greedy,212.5039559286836,0.0,26.7854848844468,Heuristic
BELNET,21,2,LocalSearch,167.6090572373969,0.0,1.6957144141768113e-14,Heuristic
BELNET,21,3,ILP,81.23302360939955,0.039999961853027344,0.0,Optimal
BELNET,21,3,Greedy,81.23302360939957,0.0,1.749393791314897e-14,Heuristic
BELNET,21,3,LocalSearch,81.23302360939955,0.0,0.0,Heuristic
BELNET,21,5,ILP,24.331794161233223,0.03500008583068848,1.460111677445013e-14,Optimal
BELNET,21,5,Greedy,24.331794161233226,0.0,2.920223354890026e-14,Heuristic
BELNET,21,5,LocalSearch,24.33179416123322,0.0,0.0,Heuristic
GTS Romania,21,1,ILP,1980.7113414357204,0.026999950408935547,0.0,Optimal
GTS Romania,21,1,Greedy,1980.7113414357204,0.0,0.0,Heuristic
GTS Romania,21,1,LocalSearch,1980.7113414357204,0.0,0.0,Heuristic
GTS Romania,21,2,ILP,267.01209289654,0.04399991035461426,0.0,Optimal
GTS Romania,21,2,Greedy,267.01209289654,0.0,0.0,Heuristic
GTS Romania,21,2,LocalSearch,267.01209289654,0.0,0.0,Heuristic
GTS Romania,21,3,ILP,181.85068687449268,0.04800009727478027,0.0,Optimal
GTS Romania,21,3,Greedy,181.85068687449268,0.0,0.0,Heuristic
GTS Romania,21,3,LocalSearch,181.85068687449268,0.0,0.0,Heuristic
GTS Romania,21,5,ILP,74.8885922998041,0.03500008583068848,0.0,Optimal
GTS Romania,21,5,Greedy,74.8885922998041,0.0,0.0,Heuristic
GTS Romania,21,5,LocalSearch,74.8885922998041,0.0009999275207519531,0.0,Heuristic
HARNET,21,1,ILP,146.6426749313478,0.039999961853027344,0.0,Optimal
HARNET,21,1,Greedy,146.6426749313478,0.0,0.0,Heuristic
HARNET,21,1,LocalSearch,146.6426749313478,0.0,0.0,Heuristic
HARNET,21,2,ILP,39.6330358807799,0.04900002479553223,0.0,Optimal
HARNET,21,2,Greedy,53.31609707662485,0.0,34.52438323676479,Heuristic
HARNET,21,2,LocalSearch,39.63303588077991,0.0,1.7928042098452493e-14,Heuristic
HARNET,21,3,ILP,18.64098259961528,0.04900002479553223,0.0,Optimal
HARNET,21,3,Greedy,33.69198585802096,0.0,80.74146938325188,Heuristic
HARNET,21,3,LocalSearch,18.64098259961528,0.0,0.0,Heuristic
HARNET,21,5,ILP,7.926712288817895,0.04900002479553223,0.0,Optimal
HARNET,21,5,Greedy,8.496079301394914,0.0,7.182889851826935,Heuristic
HARNET,21,5,LocalSearch,7.926712288817895,0.002000093460083008,0.0,Heuristic
Packet Exchange,21,1,ILP,27496.980354912204,0.0280001163482666,1.3230466619007516e-14,Optimal
Packet Exchange,21,1,Greedy,27496.9803549122,0.0,0.0,Heuristic
Packet Exchange,21,1,LocalSearch,27496.9803549122,0.0,0.0,Heuristic
Packet Exchange,21,2,ILP,7974.562912665064,0.03699994087219238,2.2809894704786505e-14,Optimal
Packet Exchange,21,2,Greedy,8649.30206582835,0.0,8.461142767983917,Heuristic
Packet Exchange,21,2,LocalSearch,7974.562912665062,0.0,0.0,Heuristic
Packet Exchange,21,3,ILP,3622.0296054215573,0.04499983787536621,0.0,Optimal
Packet Exchange,21,3,Greedy,3622.0296054215573,0.0,0.0,Heuristic
Packet Exchange,21,3,LocalSearch,3622.0296054215573,0.0,0.0,Heuristic
Packet Exchange,21,5,ILP,376.5270912618561,0.042999982833862305,0.0,Optimal
Packet Exchange,21,5,Greedy,638.405506922629,0.0,69.55101551475065,Heuristic
Packet Exchange,21,5,LocalSearch,376.5270912618561,0.0,0.0,Heuristic
Azrena,22,1,ILP,119.87525325132383,0.0280001163482666,0.0,Optimal
Azrena,22,1,Greedy,119.87525325132384,0.0,1.1854702559341678e-14,Heuristic
Azrena,22,1,LocalSearch,119.87525325132384,0.0,1.1854702559341678e-14,Heuristic
Azrena,22,2,ILP,58.483218600363465,0.042999982833862305,0.0,Optimal
Azrena,22,2,Greedy,58.483218600363465,0.0,0.0,Heuristic
Azrena,22,2,LocalSearch,58.483218600363465,0.0,0.0,Heuristic
Azrena,22,3,ILP,38.517260522646026,0.04800009727478027,0.0,Optimal
Azrena,22,3,Greedy,38.517260522646026,0.0,0.0,Heuristic
Azrena,22,3,LocalSearch,38.517260522646026,0.0009999275207519531,0.0,Heuristic
Azrena,22,5,ILP,20.965088788923993,0.04800009727478027,0.0,Optimal
Azrena,22,5,Greedy,21.23606020886543,0.0,1.292488778223517,Heuristic
Azrena,22,5,LocalSearch,20.965088788923993,0.0,0.0,Heuristic
Bandcon ,22,1,ILP,0.0,0.03600001335144043,0.0,Optimal
Bandcon ,22,1,Greedy,0.0,0.0,0.0,Heuristic
Bandcon ,22,1,LocalSearch,0.0,0.0,0.0,Heuristic
Bandcon ,22,2,ILP,0.0,0.04200005531311035,0.0,Optimal
Bandcon ,22,2,Greedy,0.0,0.0,0.0,Heuristic
Bandcon ,22,2,LocalSearch,0.0,0.0,0.0,Heuristic
Bandcon ,22,3,ILP,0.0,0.042999982833862305,0.0,Optimal
Bandcon ,22,3,Greedy,0.0,0.0,0.0,Heuristic
Bandcon ,22,3,LocalSearch,0.0,0.0,0.0,Heuristic
Bandcon ,22,5,ILP,0.0,0.04499983787536621,0.0,Optimal
Bandcon ,22,5,Greedy,0.0,0.0,0.0,Heuristic
Bandcon ,22,5,LocalSearch,0.0,0.0009999275207519531,0.0,Heuristic
BELNET,22,1,ILP,209.88229720303815,0.03500008583068848,0.0,Optimal
BELNET,22,1,Greedy,209.88229720303815,0.0,0.0,Heuristic
BELNET,22,1,LocalSearch,209.88229720303818,0.0,1.3541737349534112e-14,Heuristic
BELNET,22,2,ILP,43.449155055352925,0.04499983787536621,1.635343046038272e-14,Optimal
BELNET,22,2,Greedy,43.449155055352925,0.0,1.635343046038272e-14,Heuristic
BELNET,22,2,LocalSearch,43.44915505535292,0.0009999275207519531,0.0,Heuristic
BELNET,22,3,ILP,24.529375446225522,0.05900001525878906,0.0,Optimal
BELNET,22,3,Greedy,24.529375446225522,0.0010001659393310547,0.0,Heuristic
BELNET,22,3,LocalSearch,24.529375446225522,0.0,0.0,Heuristic
BELNET,22,5,ILP,2.9647660641281166,0.06499981880187988,0.0,Optimal
BELNET,22,5,Greedy,2.9647660641281166,0.0,0.0,Heuristic
BELNET,22,5,LocalSearch,2.9647660641281166,0.0,0.0,Heuristic
GARR,22,1,ILP,2146.8392000468602,0.034999847412109375,0.0,Optimal
GARR,22,1,Greedy,2146.8392000468607,0.0,2.1182180336400513e-14,Heuristic
GARR,22,1,LocalSearch,2146.8392000468602,0.0,0.0,Heuristic
GARR,22,2,ILP,416.9872141601445,0.053999900817871094,0.0,Optimal
GARR,22,2,Greedy,671.3367637024782,0.0,60.99696607115881,Heuristic
GARR,22,2,LocalSearch,416.9872141601445,0.0,0.0,Heuristic
GARR,22,3,ILP,271.2946898303553,0.23599982261657715,2.0952647062997465e-14,Optimal
GARR,22,3,Greedy,271.29468983035525,0.0,0.0,Heuristic
GARR,22,3,LocalSearch,271.29468983035525,0.0,0.0,Heuristic
GARR,22,5,ILP,143.68507563493813,0.046000003814697266,1.978055779614529e-14,Optimal
GARR,22,5,Greedy,143.6850756349381,0.0,0.0,Heuristic
GARR,22,5,LocalSearch,143.68507563493813,0.0,1.978055779614529e-14,Heuristic
GARR,22,1,ILP,2066.446537374639,0.03399991989135742,0.0,Optimal
GARR,22,1,Greedy,2066.446537374639,0.0,0.0,Heuristic
GARR,22,1,LocalSearch,2066.446537374639,0.0,0.0,Heuristic
GARR,22,2,ILP,452.36118868596003,0.051000118255615234,0.0,Optimal
GARR,22,2,Greedy,613.6114910089872,0.0,35.646360995609406,Heuristic
GARR,22,2,LocalSearch,452.36118868596003,0.0,0.0,Heuristic
GARR,22,3,ILP,281.572758495867,0.039999961853027344,2.0187826110899288e-14,Optimal
GARR,22,3,Greedy,281.57275849586694,0.0,0.0,Heuristic
GARR,22,3,LocalSearch,281.57275849586694,0.0,0.0,Heuristic
GARR,22,5,ILP,140.05680992926668,0.054000139236450195,0.0,Optimal
GARR,22,5,Greedy,140.05680992926668,0.0,0.0,Heuristic
GARR,22,5,LocalSearch,140.05680992926668,0.0009999275207519531,0.0,Heuristic
Hibernia Atlantic (US),22,1,ILP,4589.695832492367,0.032000064849853516,0.0,Optimal
Hibernia Atlantic (US),22,1,Greedy,4589.695832492367,0.0,0.0,Heuristic
Hibernia Atlantic (US),22,1,LocalSearch,4589.695832492367,0.0,0.0,Heuristic
Hibernia Atlantic (US),22,2,ILP,782.0819227957558,0.05900001525878906,0.0,Optimal
Hibernia Atlantic (US),22,2,Greedy,782.0819227957558,0.0,0.0,Heuristic
Hibernia Atlantic (US),22,2,LocalSearch,782.0819227957558,0.0,0.0,Heuristic
Hibernia Atlantic (US),22,3,ILP,0.0,0.06800007820129395,0.0,Optimal
Hibernia Atlantic (US),22,3,Greedy,0.0,0.0,0.0,Heuristic
Hibernia Atlantic (US),22,3,LocalSearch,0.0,0.0,0.0,Heuristic
Hibernia Atlantic (US),22,5,ILP,0.0,0.05499982833862305,0.0,Optimal
Hibernia Atlantic (US),22,5,Greedy,0.0,0.0,0.0,Heuristic
Hibernia Atlantic (US),22,5,LocalSearch,0.0,0.0,0.0,Heuristic
AboveNet,23,1,ILP,12026.497417240922,0.03600001335144043,0.0,Optimal
AboveNet,23,1,Greedy,12026.497417240922,0.0,0.0,Heuristic
AboveNet,23,1,LocalSearch,12026.497417240922,0.0,0.0,Heuristic
AboveNet,23,2,ILP,6087.454372820841,0.046000003814697266,0.0,Optimal
AboveNet,23,2,Greedy,6087.454372820841,0.0,0.0,Heuristic
AboveNet,23,2,LocalSearch,6087.454372820841,0.0,0.0,Heuristic
AboveNet,23,3,ILP,1549.7413617980194,0.04900002479553223,0.0,Optimal
AboveNet,23,3,Greedy,1549.7413617980196,0.0,1.4671717555465626e-14,Heuristic
AboveNet,23,3,LocalSearch,1549.7413617980196,0.0,1.4671717555465626e-14,Heuristic
AboveNet,23,5,ILP,75.53827736308043,0.0409998893737793,0.0,Optimal
AboveNet,23,5,Greedy,75.53827736308043,0.0,0.0,Heuristic
AboveNet,23,5,LocalSearch,75.53827736308043,0.0009999275207519531,0.0,Heuristic
ACOnet,23,1,ILP,22.42411675484642,0.029000043869018555,0.0,Optimal
ACOnet,23,1,Greedy,22.42411675484642,0.0,0.0,Heuristic
ACOnet,23,1,LocalSearch,22.42411675484642,0.0,0.0,Heuristic
ACOnet,23,2,ILP,11.223403289162698,0.04800009727478027,1.5827256614003154e-14,Optimal
ACOnet,23,2,Greedy,11.223403289162697,0.0,0.0,Heuristic
ACOnet,23,2,LocalSearch,11.223403289162697,0.0,0.0,Heuristic
ACOnet,23,3,ILP,4.499442887737164,0.05200004577636719,0.0,Optimal
ACOnet,23,3,Greedy,4.499442887737164,0.0,0.0,Heuristic
ACOnet,23,3,LocalSearch,4.499442887737164,0.0,0.0,Heuristic
ACOnet,23,5,ILP,0.0,0.04699993133544922,0.0,Optimal
ACOnet,23,5,Greedy,0.0,0.0,0.0,Heuristic
ACOnet,23,5,LocalSearch,0.0,0.016000032424926758,0.0,Heuristic
BELNET,23,1,ILP,27.761601906670172,0.03299999237060547,0.0,Optimal
BELNET,23,1,Greedy,27.761601906670172,0.0,0.0,Heuristic
BELNET,23,1,LocalSearch,27.761601906670172,0.0,0.0,Heuristic
BELNET,23,2,ILP,15.63831397660164,0.04200005531311035,0.0,Optimal
BELNET,23,2,Greedy,15.63831397660164,0.0,0.0,Heuristic
BELNET,23,2,LocalSearch,15.63831397660164,0.0,0.0,Heuristic
BELNET,23,3,ILP,6.991714110145089,0.04400014877319336,0.0,Optimal
BELNET,23,3,Greedy,6.991714110145089,0.0,0.0,Heuristic
BELNET,23,3,LocalSearch,6.991714110145089,0.0009999275207519531,0.0,Heuristic
BELNET,23,5,ILP,0.0,0.03900003433227539,0.0,Optimal
BELNET,23,5,Greedy,0.0,0.0,0.0,Heuristic
BELNET,23,5,LocalSearch,0.0,0.0,0.0,Heuristic
BELNET,23,1,ILP,27.761601906670172,0.018000125885009766,0.0,Optimal
BELNET,23,1,Greedy,27.761601906670172,0.0,0.0,Heuristic
BELNET,23,1,LocalSearch,27.761601906670172,0.0,0.0,Heuristic
BELNET,23,2,ILP,15.63831397660164,0.04399991035461426,0.0,Optimal
BELNET,23,2,Greedy,15.63831397660164,0.0,0.0,Heuristic
BELNET,23,2,LocalSearch,15.63831397660164,0.0,0.0,Heuristic
BELNET,23,3,ILP,6.991714110145089,0.04699993133544922,0.0,Optimal
BELNET,23,3,Greedy,6.991714110145089,0.0,0.0,Heuristic
BELNET,23,3,LocalSearch,6.991714110145089,0.0,0.0,Heuristic
BELNET,23,5,ILP,0.0,0.04200005531311035,0.0,Optimal
BELNET,23,5,Greedy,0.0,0.0,0.0,Heuristic
BELNET,23,5,LocalSearch,0.0,0.0,0.0,Heuristic
BELNET,23,1,ILP,26.60934860456343,0.023000001907348633,0.0,Optimal
BELNET,23,1,Greedy,26.60934860456343,0.0,0.0,Heuristic
BELNET,23,1,LocalSearch,26.60934860456343,0.0,0.0,Heuristic
BELNET,23,2,ILP,7.545910465169506,0.03399991989135742,0.0,Optimal
BELNET,23,2,Greedy,7.545910465169506,0.0,0.0,Heuristic
BELNET,23,2,LocalSearch,7.545910465169506,0.0,0.0,Heuristic
BELNET,23,3,ILP,0.0,0.04800009727478027,0.0,Optimal
BELNET,23,3,Greedy,0.0,0.0,0.0,Heuristic
BELNET,23,3,LocalSearch,0.0,0.0,0.0,Heuristic
BELNET,23,5,ILP,0.0,0.03600001335144043,0.0,Optimal
BELNET,23,5,Greedy,0.0,0.0,0.0,Heuristic
BELNET,23,5,LocalSearch,0.0,0.0010001659393310547,0.0,Heuristic
BELNET,23,1,ILP,26.60934860456343,0.02500009536743164,0.0,Optimal
BELNET,23,1,Greedy,26.60934860456343,0.0,0.0,Heuristic
BELNET,23,1,LocalSearch,26.60934860456343,0.0,0.0,Heuristic
BELNET,23,2,ILP,7.545910465169506,0.04200005531311035,0.0,Optimal
BELNET,23,2,Greedy,7.545910465169506,0.0,0.0,Heuristic
BELNET,23,2,LocalSearch,7.545910465169506,0.0,0.0,Heuristic
BELNET,23,3,ILP,0.0,0.03800010681152344,0.0,Optimal
BELNET,23,3,Greedy,0.0,0.0,0.0,Heuristic
BELNET,23,3,LocalSearch,0.0,0.0,0.0,Heuristic
BELNET,23,5,ILP,0.0,0.04200005531311035,0.0,Optimal
BELNET,23,5,Greedy,0.0,0.0,0.0,Heuristic
BELNET,23,5,LocalSearch,0.0,0.0009999275207519531,0.0,Heuristic
CESNET,23,1,ILP,1064.3152465890714,0.023999929428100586,0.0,Optimal
CESNET,23,1,Greedy,1064.3152465890716,0.0,2.1363376703652566e-14,Heuristic
CESNET,23,1,LocalSearch,1064.3152465890714,0.0,0.0,Heuristic
CESNET,23,2,ILP,188.22899097404937,0.03299999237060547,3.0199077499514875e-14,Optimal
CESNET,23,2,Greedy,188.2289909740493,0.0,0.0,Heuristic
CESNET,23,2,LocalSearch,188.22899097404937,0.0,3.0199077499514875e-14,Heuristic
CESNET,23,3,ILP,96.13388657119961,0.023999929428100586,0.0,Optimal
CESNET,23,3,Greedy,96.13388657119962,0.0,1.47823574205304e-14,Heuristic
CESNET,23,3,LocalSearch,96.13388657119961,0.0,0.0,Heuristic
CESNET,23,5,ILP,46.77213007852544,0.046000003814697266,1.5191583846345558e-14,Optimal
CESNET,23,5,Greedy,50.73345937046243,0.0,8.469422464374276,Heuristic
CESNET,23,5,LocalSearch,46.772130078525436,0.0010001659393310547,0.0,Heuristic
FCCN,23,1,ILP,1489.3476690183459,0.023000001907348633,1.526666205434074e-14,Optimal
FCCN,23,1,Greedy,1489.3476690183456,0.0,0.0,Heuristic
FCCN,23,1,LocalSearch,1489.3476690183459,0.0,1.526666205434074e-14,Heuristic
FCCN,23,2,ILP,468.80698058967977,0.03099989891052246,0.0,Optimal
FCCN,23,2,Greedy,877.4614326350775,0.0,87.16902029303822,Heuristic
FCCN,23,2,LocalSearch,468.8069805896798,0.0,1.2125122110875701e-14,Heuristic
FCCN,23,3,ILP,247.9963706216074,0.03099989891052246,0.0,Optimal
FCCN,23,3,Greedy,461.33814535981605,0.0,86.02616812635749,Heuristic
FCCN,23,3,LocalSearch,247.99637062160744,0.0,1.1460534426033929e-14,Heuristic
FCCN,23,5,ILP,82.84216845081218,0.029999971389770508,0.0,Optimal
FCCN,23,5,Greedy,95.0214655043479,0.0,14.701808609424823,Heuristic
FCCN,23,5,LocalSearch,82.84216845081218,0.0,0.0,Heuristic
GARR,23,1,ILP,2079.123470820325,0.023000001907348633,0.0,Optimal
GARR,23,1,Greedy,2079.123470820325,0.0,0.0,Heuristic
GARR,23,1,LocalSearch,2079.123470820325,0.0,0.0,Heuristic
GARR,23,2,ILP,507.2080090548212,0.0279998779296875,0.0,Optimal
GARR,23,2,Greedy,613.648870770706,0.0,20.98564293458943,Heuristic
GARR,23,2,LocalSearch,507.2080090548213,0.0,1.1207121702737965e-14,Heuristic
GARR,23,3,ILP,261.1178537863818,0.03900003433227539,0.0,Optimal
GARR,23,3,Greedy,261.11785378638183,0.0,2.176925784144623e-14,Heuristic
GARR,23,3,LocalSearch,261.1178537863818,0.0,0.0,Heuristic
GARR,23,5,ILP,132.09605847814709,0.031999826431274414,0.0,Optimal
GARR,23,5,Greedy,132.09605847814709,0.0,0.0,Heuristic
GARR,23,5,LocalSearch,132.09605847814709,0.0,0.0,Heuristic
GARR,23,1,ILP,2283.138547732456,0.024000167846679688,1.9917641500035357e-14,Optimal
GARR,23,1,Greedy,2283.1385477324557,0.0,0.0,Heuristic
GARR,23,1,LocalSearch,2283.1385477324566,0.0,3.9835283000070714e-14,Heuristic
GARR,23,2,ILP,446.7844514848279,0.032000064849853516,1.2722783586558704e-14,Optimal
GARR,23,2,Greedy,587.5837128483176,0.0,31.51391255795998,Heuristic
GARR,23,2,LocalSearch,446.78445148482785,0.0,0.0,Heuristic
GARR,23,3,ILP,292.23508832566165,0.0280001163482666,1.9451264112905813e-14,Optimal
GARR,23,3,Greedy,292.2350883256616,0.0,0.0,Heuristic
GARR,23,3,LocalSearch,292.2350883256616,0.0,0.0,Heuristic
GARR,23,5,ILP,146.90098652516372,0.032000064849853516,0.0,Optimal
GARR,23,5,Greedy,146.90098652516375,0.0,1.9347527952465758e-14,Heuristic
GARR,23,5,LocalSearch,146.90098652516375,0.0,1.9347527952465758e-14,Heuristic
iSTAR,23,1,ILP,12857.669447544446,0.023999929428100586,0.0,Optimal
iSTAR,23,1,Greedy,12857.669447544446,0.0,0.0,Heuristic
iSTAR,23,1,LocalSearch,12857.669447544446,0.0,0.0,Heuristic
iSTAR,23,2,ILP,1776.4249571264695,0.039999961853027344,0.0,Optimal
iSTAR,23,2,Greedy,1776.4249571264695,0.0,0.0,Heuristic
iSTAR,23,2,LocalSearch,1776.4249571264697,0.0,1.2799509178875187e-14,Heuristic
iSTAR,23,3,ILP,769.3177481731623,0.03699994087219238,1.4777617959754488e-14,Optimal
iSTAR,23,3,Greedy,871.877317262186,0.0010001659393310547,13.331236583656615,Heuristic
iSTAR,23,3,LocalSearch,769.3177481731622,0.0,0.0,Heuristic
iSTAR,23,5,ILP,326.07439639853146,0.03899979591369629,0.0,Optimal
iSTAR,23,5,Greedy,326.07439639853146,0.0,0.0,Heuristic
iSTAR,23,5,LocalSearch,326.07439639853146,0.0010001659393310547,0.0,Heuristic
KentMan,23,1,ILP,0.0,0.026000022888183594,0.0,Optimal
KentMan,23,1,Greedy,0.0,0.0,0.0,Heuristic
KentMan,23,1,LocalSearch,0.0,0.0,0.0,Heuristic
KentMan,23,2,ILP,0.0,0.040000200271606445,0.0,Optimal
KentMan,23,2,Greedy,0.0,0.0,0.0,Heuristic
KentMan,23,2,LocalSearch,0.0,0.0,0.0,Heuristic
KentMan,23,3,ILP,0.0,0.03800010681152344,0.0,Optimal
KentMan,23,3,Greedy,0.0,0.0,0.0,Heuristic
KentMan,23,3,LocalSearch,0.0,0.0,0.0,Heuristic
KentMan,23,5,ILP,0.0,0.0410001277923584,0.0,Optimal
KentMan,23,5,Greedy,0.0,0.0,0.0,Heuristic
KentMan,23,5,LocalSearch,0.0,0.0009999275207519531,0.0,Heuristic
YorkDataServices,23,1,ILP,183.66814887032407,0.026000022888183594,0.0,Optimal
YorkDataServices,23,1,Greedy,183.66814887032407,0.0,0.0,Heuristic
YorkDataServices,23,1,LocalSearch,183.66814887032407,0.0,0.0,Heuristic
YorkDataServices,23,2,ILP,54.59677755828785,0.0409998893737793,0.0,Optimal
YorkDataServices,23,2,Greedy,54.59677755828785,0.0,0.0,Heuristic
YorkDataServices,23,2,LocalSearch,54.59677755828785,0.0,0.0,Heuristic
YorkDataServices,23,3,ILP,0.0,0.042999982833862305,0.0,Optimal
YorkDataServices,23,3,Greedy,0.0,0.0,0.0,Heuristic
YorkDataServices,23,3,LocalSearch,0.0,0.0,0.0,Heuristic
YorkDataServices,23,5,ILP,0.0,0.039999961853027344,0.0,Optimal
YorkDataServices,23,5,Greedy,0.0,0.0,0.0,Heuristic
YorkDataServices,23,5,LocalSearch,0.0,0.0,0.0,Heuristic
BT Europe,24,1,ILP,3100.30085275273,0.0409998893737793,1.466784587962481e-14,Optimal
BT Europe,24,1,Greedy,3100.3008527527295,0.0,0.0,Heuristic
BT Europe,24,1,LocalSearch,3100.3008527527295,0.0,0.0,Heuristic
BT Europe,24,2,ILP,414.17436357298334,0.04200005531311035,1.3724514083979854e-14,Optimal
BT Europe,24,2,Greedy,414.1743635729833,0.0,0.0,Heuristic
BT Europe,24,2,LocalSearch,414.17436357298334,0.0,1.3724514083979854e-14,Heuristic
BT Europe,24,3,ILP,247.1310012340057,0.042999982833862305,1.1500665350961694e-14,Optimal
BT Europe,24,3,Greedy,247.13100123400568,0.0,0.0,Heuristic
BT Europe,24,3,LocalSearch,247.1310012340057,0.0010001659393310547,1.1500665350961694e-14,Heuristic
BT Europe,24,5,ILP,68.32169936409072,0.04399991035461426,0.0,Optimal
BT Europe,24,5,Greedy,68.32169936409072,0.0,0.0,Heuristic
BT Europe,24,5,LocalSearch,68.32169936409072,0.0,0.0,Heuristic
GARR,24,1,ILP,2482.7230920907086,0.023999929428100586,1.8316474855176865e-14,Optimal
GARR,24,1,Greedy,2482.723092090708,0.0,0.0,Heuristic
GARR,24,1,LocalSearch,2482.723092090708,0.0,0.0,Heuristic
GARR,24,2,ILP,445.7246581892456,0.03600001335144043,0.0,Optimal
GARR,24,2,Greedy,673.1050028913729,0.0,51.01363375898003,Heuristic
GARR,24,2,LocalSearch,445.7246581892457,0.0,2.5506068742857596e-14,Heuristic
GARR,24,3,ILP,300.2648109829549,0.037000179290771484,0.0,Optimal
GARR,24,3,Greedy,315.3249015542864,0.0,5.0156029013291255,Heuristic
GARR,24,3,LocalSearch,300.2648109829549,0.0,0.0,Heuristic
GARR,24,5,ILP,140.35329702566125,0.04900002479553223,0.0,Optimal
GARR,24,5,Greedy,140.35329702566125,0.0,0.0,Heuristic
GARR,24,5,LocalSearch,140.35329702566125,0.0009999275207519531,0.0,Heuristic
Hurricane Electric ,24,1,ILP,24014.001548656528,0.026999950408935547,0.0,Optimal
Hurricane Electric ,24,1,Greedy,24014.00154865653,0.0,1.5149406897973823e-14,Heuristic
Hurricane Electric ,24,1,LocalSearch,24014.001548656528,0.0,0.0,Heuristic
Hurricane Electric ,24,2,ILP,14543.023575274246,0.020999908447265625,1.2507642541668334e-14,Optimal
Hurricane Electric ,24,2,Greedy,16616.593194589423,0.0,14.258174090019487,Heuristic
Hurricane Electric ,24,2,LocalSearch,14543.023575274245,0.0,0.0,Heuristic
Hurricane Electric ,24,3,ILP,7647.308686304849,0.03699994087219238,1.1893003657635701e-14,Optimal
Hurricane Electric ,24,3,Greedy,9242.080117004803,0.0,20.85402193265645,Heuristic
Hurricane Electric ,24,3,LocalSearch,7647.308686304848,0.0,0.0,Heuristic
Hurricane Electric ,24,5,ILP,580.8120190632344,0.042999982833862305,1.9573774989191243e-14,Optimal
Hurricane Electric ,24,5,Greedy,580.8120190632344,0.0,1.9573774989191243e-14,Heuristic
Hurricane Electric ,24,5,LocalSearch,580.8120190632343,0.0,0.0,Heuristic
PsiNet,24,1,ILP,15810.615648761164,0.03400015830993652,1.1504861315684333e-14,Optimal
PsiNet,24,1,Greedy,15810.615648761166,0.0,2.3009722631368666e-14,Heuristic
PsiNet,24,1,LocalSearch,15810.615648761162,0.0,0.0,Heuristic
PsiNet,24,2,ILP,5020.928308158934,0.04699993133544922,0.0,Optimal
PsiNet,24,2,Greedy,8010.166843134314,0.0,59.53557492780592,Heuristic
PsiNet,24,2,LocalSearch,5020.928308158934,0.0,0.0,Heuristic
PsiNet,24,3,ILP,2329.5075423551007,0.03400015830993652,0.0,Optimal
PsiNet,24,3,Greedy,2391.6789218089884,0.0,2.668863625615624,Heuristic
PsiNet,24,3,LocalSearch,2329.507542355101,0.0,1.9521179589172768e-14,Heuristic
PsiNet,24,5,ILP,497.96807926683596,0.03299999237060547,0.0,Optimal
PsiNet,24,5,Greedy,567.0278827543365,0.0,13.868319348737785,Heuristic
PsiNet,24,5,LocalSearch,497.968079266836,0.0,1.1415072818422261e-14,Heuristic
Renater,24,1,ILP,2041.9129165424768,0.028999805450439453,1.1135326761546648e-14,Optimal
Renater,24,1,Greedy,2041.9129165424765,0.0,0.0,Heuristic
Renater,24,1,LocalSearch,2041.9129165424765,0.0,0.0,Heuristic
Renater,24,2,ILP,846.5684034066355,0.04399991035461426,0.0,Optimal
Renater,24,2,Greedy,846.5684034066355,0.0,0.0,Heuristic
Renater,24,2,LocalSearch,846.5684034066355,0.0,0.0,Heuristic
Renater,24,3,ILP,545.1181283472331,0.039999961853027344,0.0,Optimal
Renater,24,3,Greedy,545.1181283472331,0.0,0.0,Heuristic
Renater,24,3,LocalSearch,545.1181283472332,0.0,2.08554498208137e-14,Heuristic
Renater,24,5,ILP,201.83678340466383,0.039999961853027344,0.0,Optimal
Renater,24,5,Greedy,201.83678340466383,0.0,0.0,Heuristic
Renater,24,5,LocalSearch,201.83678340466383,0.0,0.0,Heuristic
Renater,24,1,ILP,2677.4199935478186,0.0280001163482666,0.0,Optimal
Renater,24,1,Greedy,2677.4199935478186,0.0,0.0,Heuristic
Renater,24,1,LocalSearch,2677.41999354782,0.0,5.095360667907954e-14,Heuristic
Renater,24,2,ILP,723.9197354215813,0.04499983787536621,0.0,Optimal
Renater,24,2,Greedy,723.9197354215813,0.0,0.0,Heuristic
Renater,24,2,LocalSearch,723.9197354215813,0.0,0.0,Heuristic
Renater,24,3,ILP,356.1905200634246,0.04499983787536621,0.0,Optimal
Renater,24,3,Greedy,371.64746177066104,0.0,4.339515185436195,Heuristic
Renater,24,3,LocalSearch,356.1905200634246,0.0,0.0,Heuristic
Renater,24,5,ILP,136.72897670900667,0.046000003814697266,0.0,Optimal
Renater,24,5,Greedy,152.18591841624317,0.0,11.304803180186683,Heuristic
Renater,24,5,LocalSearch,136.7289767090067,0.0,2.078689544418407e-14,Heuristic
URAN,24,1,ILP,2298.4957207846383,0.032000064849853516,1.9784563737679134e-14,Optimal
URAN,24,1,Greedy,2298.495720784638,0.0,0.0,Heuristic
URAN,24,1,LocalSearch,2298.4957207846383,0.0,1.9784563737679134e-14,Heuristic
URAN,24,2,ILP,1274.6686752297574,0.03600001335144043,0.0,Optimal
URAN,24,2,Greedy,1347.2292378789339,0.0,5.692503790139628,Heuristic
URAN,24,2,LocalSearch,1274.6686752297574,0.0,0.0,Heuristic
URAN,24,3,ILP,501.92435613787086,0.03299999237060547,1.1325096733340035e-14,Optimal
URAN,24,3,Greedy,549.5395827597591,0.0,9.4865343830434,Heuristic
URAN,24,3,LocalSearch,501.9243561378708,0.0,0.0,Heuristic
URAN,24,5,ILP,152.73297881731187,0.03400015830993652,1.8608757355803297e-14,Optimal
URAN,24,5,Greedy,152.73297881731185,0.0,0.0,Heuristic
URAN,24,5,LocalSearch,152.73297881731187,0.0,1.8608757355803297e-14,Heuristic
Vision Net,24,1,ILP,2914.3042729273598,0.037999868392944336,1.5603976397072624e-14,Optimal
Vision Net,24,1,Greedy,2914.3042729273593,0.0,0.0,Heuristic
Vision Net,24,1,LocalSearch,2914.3042729273598,0.0,1.5603976397072624e-14,Heuristic
Vision Net,24,2,ILP,1531.0386207545496,0.03699994087219238,0.0,Optimal
Vision Net,24,2,Greedy,1806.8818424380477,0.0,18.016738307199127,Heuristic
Vision Net,24,2,LocalSearch,1531.0386207545496,0.0,0.0,Heuristic
Vision Net,24,3,ILP,470.02623737906737,0.04399991035461426,0.0,Optimal
Vision Net,24,3,Greedy,925.42179526605,0.0,96.88726323584244,Heuristic
Vision Net,24,3,LocalSearch,470.02623737906737,0.0,0.0,Heuristic
Vision Net,24,5,ILP,79.07251998244139,0.034999847412109375,0.0,Optimal
Vision Net,24,5,Greedy,79.07251998244139,0.0,0.0,Heuristic
Vision Net,24,5,LocalSearch,79.07251998244139,0.0010001659393310547,0.0,Heuristic
Xeex,24,1,ILP,6361.801928279103,0.032000064849853516,1.429618073662584e-14,Optimal
Xeex,24,1,Greedy,6361.801928279102,0.0,0.0,Heuristic
Xeex,24,1,LocalSearch,6361.801928279102,0.0,0.0,Heuristic
Xeex,24,2,ILP,3282.3251910925196,0.03900003433227539,0.0,Optimal
Xeex,24,2,Greedy,3282.3251910925196,0.0,0.0,Heuristic
Xeex,24,2,LocalSearch,3282.32519109252,0.0,1.3854427103095833e-14,Heuristic
Xeex,24,3,ILP,1196.8992202178881,0.0410001277923584,0.0,Optimal
Xeex,24,3,Greedy,1797.0056109559264,0.0,50.13842273443812,Heuristic
Xeex,24,3,LocalSearch,1196.8992202178881,0.0009999275207519531,0.0,Heuristic
Xeex,24,5,ILP,229.04422922803224,0.03500008583068848,0.0,Optimal
Xeex,24,5,Greedy,229.04422922803224,0.0,0.0,Heuristic
Xeex,24,5,LocalSearch,229.04422922803224,0.0009999275207519531,0.0,Heuristic
AGIS,25,1,ILP,17454.552477664103,0.019999980926513672,0.0,Optimal
AGIS,25,1,Greedy,17454.552477664103,0.0,0.0,Heuristic
AGIS,25,1,LocalSearch,17454.552477664103,0.0,0.0,Heuristic
AGIS,25,2,ILP,3841.690122344567,0.03800010681152344,1.183716896481317e-14,Optimal
AGIS,25,2,Greedy,5040.708441773814,0.0,31.21069844898089,Heuristic
AGIS,25,2,LocalSearch,3841.6901223445666,0.0,0.0,Heuristic
AGIS,25,3,ILP,1192.9095150942915,0.023000001907348633,0.0,Optimal
AGIS,25,3,Greedy,2391.927834523538,0.0,100.51209285009955,Heuristic
AGIS,25,3,LocalSearch,1192.9095150942915,0.0,0.0,Heuristic
AGIS,25,5,ILP,512.1982115249948,0.04399991035461426,0.0,Optimal
AGIS,25,5,Greedy,690.481042026671,0.0,34.807390281755445,Heuristic
AGIS,25,5,LocalSearch,512.1982115249948,0.0,0.0,Heuristic
AMRES,25,1,ILP,1053.0524204597418,0.026000022888183594,0.0,Optimal
AMRES,25,1,Greedy,1053.052420459742,0.0,2.1591866750941536e-14,Heuristic
AMRES,25,1,LocalSearch,1053.0524204597418,0.0,0.0,Heuristic
AMRES,25,2,ILP,281.3083213623231,0.026999950408935547,0.0,Optimal
AMRES,25,2,Greedy,369.40701536723793,0.0,31.31748594505469,Heuristic
AMRES,25,2,LocalSearch,281.3083213623231,0.0,0.0,Heuristic
AMRES,25,3,ILP,166.0883185618278,0.04900002479553223,0.0,Optimal
AMRES,25,3,Greedy,214.22548608319147,0.0,28.982873653118588,Heuristic
AMRES,25,3,LocalSearch,166.08831856182783,0.0,1.71124072279796e-14,Heuristic
AMRES,25,5,ILP,92.63800157424066,0.07999992370605469,0.0,Optimal
AMRES,25,5,Greedy,113.0869969415189,0.0,22.074089487876414,Heuristic
AMRES,25,5,LocalSearch,92.63800157424068,0.0,1.5340199997528378e-14,Heuristic
ARPANET,25,1,ILP,26131.29471456426,0.02200007438659668,0.0,Optimal
ARPANET,25,1,Greedy,26131.294714564265,0.0,1.3921923298596023e-14,Heuristic
ARPANET,25,1,LocalSearch,26131.294714564265,0.0,1.3921923298596023e-14,Heuristic
ARPANET,25,2,ILP,1000.7922490045146,0.03099989891052246,0.0,Optimal
ARPANET,25,2,Greedy,8960.099213772812,0.0,795.300620352066,Heuristic
ARPANET,25,2,LocalSearch,1000.7922490045146,0.0,0.0,Heuristic
ARPANET,25,3,ILP,546.4090016189306,0.10800004005432129,2.0806179507434624e-14,Optimal
ARPANET,25,3,Greedy,821.3421975139138,0.0,50.316373829932566,Heuristic
ARPANET,25,3,LocalSearch,546.4090016189305,0.0,0.0,Heuristic
ARPANET,25,5,ILP,178.52576765229998,0.032000064849853516,0.0,Optimal
ARPANET,25,5,Greedy,243.46582486717838,0.0,36.37573335707865,Heuristic
ARPANET,25,5,LocalSearch,178.52576765229998,0.0009999275207519531,0.0,Heuristic
ATT North America,25,1,ILP,9030.259491275443,0.02200007438659668,0.0,Optimal
ATT North America,25,1,Greedy,9030.259491275443,0.0,0.0,Heuristic
ATT North America,25,1,LocalSearch,9030.259491275443,0.0,0.0,Heuristic
ATT North America,25,2,ILP,2367.410162036041,0.03600001335144043,0.0,Optimal
ATT North America,25,2,Greedy,3203.1688577177842,0.0,35.30265727012705,Heuristic
ATT North America,25,2,LocalSearch,2367.410162036041,0.0,0.0,Heuristic
ATT North America,25,3,ILP,1088.632233081346,0.0409998893737793,0.0,Optimal
ATT North America,25,3,Greedy,1117.7655251708939,0.0,2.6761371934658666,Heuristic
ATT North America,25,3,LocalSearch,1088.632233081346,0.0,0.0,Heuristic
ATT North America,25,5,ILP,502.6767887345068,0.03800010681152344,0.0,Optimal
ATT North America,25,5,Greedy,536.7844349672569,0.0,6.785204130593812,Heuristic
ATT North America,25,5,LocalSearch,502.6767887345068,0.0,0.0,Heuristic
KAREN,25,1,ILP,2785.8123185448635,0.026000022888183594,1.6323689426572576e-14,Optimal
KAREN,25,1,Greedy,2785.812318544863,0.0,0.0,Heuristic
KAREN,25,1,LocalSearch,2785.812318544863,0.0,0.0,Heuristic
KAREN,25,2,ILP,965.5696131420366,0.0409998893737793,1.1774069541363307e-14,Optimal
KAREN,25,2,Greedy,1431.9927633989557,0.0,48.30549179557785,Heuristic
KAREN,25,2,LocalSearch,965.5696131420365,0.0,0.0,Heuristic
KAREN,25,3,ILP,269.68407245911015,0.034999847412109375,0.0,Optimal
KAREN,25,3,Greedy,269.6840724591102,0.0,2.107778125066199e-14,Heuristic
KAREN,25,3,LocalSearch,269.6840724591102,0.0,2.107778125066199e-14,Heuristic
KAREN,25,5,ILP,156.7507901486496,0.03900003433227539,0.0,Optimal
KAREN,25,5,Greedy,156.7507901486496,0.0,0.0,Heuristic
KAREN,25,5,LocalSearch,156.7507901486496,0.0,0.0,Heuristic
Uni-C,25,1,ILP,1387.936887942948,0.0280001163482666,0.0,Optimal
Uni-C,25,1,Greedy,1387.9368879429483,0.0,1.6382133612733723e-14,Heuristic
Uni-C,25,1,LocalSearch,1387.936887942948,0.0,0.0,Heuristic
Uni-C,25,2,ILP,182.7239516835452,0.03900003433227539,0.0,Optimal
Uni-C,25,2,Greedy,548.7182207858251,0.0,200.29901155823057,Heuristic
Uni-C,25,2,LocalSearch,182.7239516835452,0.0,0.0,Heuristic
Uni-C,25,3,ILP,122.77810685380774,0.03800010681152344,0.0,Optimal
Uni-C,25,3,Greedy,154.05629475485577,0.0,25.47537887865551,Heuristic
Uni-C,25,3,LocalSearch,122.77810685380776,0.0009999275207519531,1.1574420781811623e-14,Heuristic
Uni-C,25,5,ILP,64.22786327948111,0.03800010681152344,0.0,Optimal
Uni-C,25,5,Greedy,66.61684785484157,0.0,3.719545464193673,Heuristic
Uni-C,25,5,LocalSearch,64.22786327948111,0.0009999275207519531,0.0,Heuristic
VinaREN,25,1,ILP,13108.327823364642,0.026000022888183594,0.0,Optimal
VinaREN,25,1,Greedy,13108.327823364645,0.0,2.7753187562240244e-14,Heuristic
VinaREN,25,1,LocalSearch,13108.327823364643,0.0,1.3876593781120122e-14,Heuristic
VinaREN,25,2,ILP,4912.916003174749,0.03399991989135742,0.0,Optimal
VinaREN,25,2,Greedy,4990.220205941051,0.0,1.5734892010436972,Heuristic
VinaREN,25,2,LocalSearch,4912.916003174749,0.0,0.0,Heuristic
VinaREN,25,3,ILP,2315.1589718821815,0.03400015830993652,0.0,Optimal
VinaREN,25,3,Greedy,2483.4176037015723,0.0,7.267692364235343,Heuristic
VinaREN,25,3,LocalSearch,2315.1589718821815,0.0,0.0,Heuristic
VinaREN,25,5,ILP,1141.423251090797,0.03099989891052246,1.9920189572618505e-14,Optimal
VinaREN,25,5,Greedy,1198.9929638438693,0.0,5.04367794313426,Heuristic
VinaREN,25,5,LocalSearch,1141.4232510907968,0.0,0.0,Heuristic
FUNET,26,1,ILP,2701.3827072696863,0.03900003433227539,0.0,Optimal
FUNET,26,1,Greedy,2701.3827072696863,0.0,0.0,Heuristic
FUNET,26,1,LocalSearch,2701.3827072696863,0.0,0.0,Heuristic
FUNET,26,2,ILP,217.1516785712835,0.046000003814697266,0.0,Optimal
FUNET,26,2,Greedy,217.1516785712835,0.0,0.0,Heuristic
FUNET,26,2,LocalSearch,217.1516785712835,0.0,0.0,Heuristic
FUNET,26,3,ILP,58.30385422340074,0.04500007629394531,0.0,Optimal
FUNET,26,3,Greedy,58.30385422340074,0.0,0.0,Heuristic
FUNET,26,3,LocalSearch,58.30385422340074,0.0,0.0,Heuristic
FUNET,26,5,ILP,0.0,0.03600001335144043,0.0,Optimal
FUNET,26,5,Greedy,0.0,0.0,0.0,Heuristic
FUNET,26,5,LocalSearch,0.0,0.0,0.0,Heuristic
KentMan,26,1,ILP,341.01921816302826,0.02500009536743164,0.0,Optimal
KentMan,26,1,Greedy,341.0192181630283,0.0,1.6668684881458307e-14,Heuristic
KentMan,26,1,LocalSearch,341.01921816302837,0.0,3.3337369762916614e-14,Heuristic
KentMan,26,2,ILP,68.60617137417537,0.04399991035461426,0.0,Optimal
KentMan,26,2,Greedy,85.0434548336522,0.0,23.95889922180401,Heuristic
KentMan,26,2,LocalSearch,68.60617137417537,0.0,0.0,Heuristic
KentMan,26,3,ILP,19.806670602645774,0.0410001277923584,1.793695543321617e-14,Optimal
KentMan,26,3,Greedy,39.251763504857415,0.0,98.17446501894253,Heuristic
KentMan,26,3,LocalSearch,19.80667060264577,0.0,0.0,Heuristic
KentMan,26,5,ILP,9.63158123271832,0.039999961853027344,0.0,Optimal
KentMan,26,5,Greedy,12.212041565815916,0.0,26.79165830353811,Heuristic
KentMan,26,5,LocalSearch,9.63158123271832,0.0010001659393310547,0.0,Heuristic
OPTOSUNET,26,1,ILP,2998.755870315258,0.02700018882751465,1.5164533911813794e-14,Optimal
OPTOSUNET,26,1,Greedy,2998.7558703152577,0.0,0.0,Heuristic
OPTOSUNET,26,1,LocalSearch,2998.7558703152577,0.0,0.0,Heuristic
OPTOSUNET,26,2,ILP,1277.9315142254372,0.042999982833862305,0.0,Optimal
OPTOSUNET,26,2,Greedy,1892.4012643165602,0.0,48.08315181612507,Heuristic
OPTOSUNET,26,2,LocalSearch,1277.9315142254372,0.0,0.0,Heuristic
OPTOSUNET,26,3,ILP,512.8011657651406,0.05500006675720215,2.2169769749252842e-14,Optimal
OPTOSUNET,26,3,Greedy,826.9856489791295,0.0,61.26828568051333,Heuristic
OPTOSUNET,26,3,LocalSearch,512.8011657651405,0.0,0.0,Heuristic
OPTOSUNET,26,5,ILP,182.2637421554285,0.0409998893737793,0.0,Optimal
OPTOSUNET,26,5,Greedy,218.55045775567956,0.0,19.908905178357934,Heuristic
OPTOSUNET,26,5,LocalSearch,182.26374215542853,0.0,1.559372648355201e-14,Heuristic
BBNplanet,27,1,ILP,19182.656886208217,0.03900003433227539,0.0,Optimal
BBNplanet,27,1,Greedy,19182.656886208217,0.0,0.0,Heuristic
BBNplanet,27,1,LocalSearch,19182.656886208217,0.0,0.0,Heuristic
BBNplanet,27,2,ILP,3185.1152380704693,0.04999995231628418,1.4277265244630472e-14,Optimal
BBNplanet,27,2,Greedy,3395.178984736127,0.0,6.595169435468022,Heuristic
BBNplanet,27,2,LocalSearch,3185.115238070469,0.0,0.0,Heuristic
BBNplanet,27,3,ILP,1992.0082125698914,0.04700016975402832,0.0,Optimal
BBNplanet,27,3,Greedy,2313.5069365357367,0.0,16.13942763574652,Heuristic
BBNplanet,27,3,LocalSearch,1992.0082125698914,0.0,0.0,Heuristic
BBNplanet,27,5,ILP,877.3109263829638,0.04900002479553223,1.2958557143512591e-14,Optimal
BBNplanet,27,5,Greedy,1037.8224851146958,0.0,18.295857706172658,Heuristic
BBNplanet,27,5,LocalSearch,877.3109263829637,0.0009999275207519531,0.0,Heuristic
GARR,27,1,ILP,2699.6203577401716,0.03399991989135742,0.0,Optimal
GARR,27,1,Greedy,2699.620357740172,0.0,1.6844863003890264e-14,Heuristic
GARR,27,1,LocalSearch,2699.620357740172,0.0,1.6844863003890264e-14,Heuristic
GARR,27,2,ILP,501.9151476201534,0.051999807357788086,1.1325304512193524e-14,Optimal
GARR,27,2,Greedy,799.6374075996077,0.0,59.31724941777788,Heuristic
GARR,27,2,LocalSearch,501.91514762015333,0.0,0.0,Heuristic
GARR,27,3,ILP,312.83132572970896,0.04499983787536621,0.0,Optimal
GARR,27,3,Greedy,361.0506607142619,0.0,15.413844784270472,Heuristic
GARR,27,3,LocalSearch,312.83132572970896,0.0,0.0,Heuristic
GARR,27,5,ILP,146.40222965941487,0.05099987983703613,0.0,Optimal
GARR,27,5,Greedy,146.40222965941487,0.0,0.0,Heuristic
GARR,27,5,LocalSearch,146.40222965941487,0.0010001659393310547,0.0,Heuristic
GEANT,27,1,ILP,6855.783867684424,0.03600001335144043,0.0,Optimal
GEANT,27,1,Greedy,6855.783867684425,0.0,1.3266093554377389e-14,Heuristic
GEANT,27,1,LocalSearch,6855.783867684425,0.0,1.3266093554377389e-14,Heuristic
GEANT,27,2,ILP,3928.6937619834257,0.0690000057220459,2.3150053347852808e-14,Optimal
GEANT,27,2,Greedy,3928.693761983425,0.0,0.0,Heuristic
GEANT,27,2,LocalSearch,3928.693761983425,0.0009999275207519531,0.0,Heuristic
GEANT,27,3,ILP,2524.716786203273,0.04999995231628418,1.801181634991716e-14,Optimal
GEANT,27,3,Greedy,2580.733172100949,0.0,2.218719588818331,Heuristic
GEANT,27,3,LocalSearch,2524.7167862032725,0.002000093460083008,0.0,Heuristic
GEANT,27,5,ILP,368.0406404113201,0.05099987983703613,1.5444875543440025e-14,Optimal
GEANT,27,5,Greedy,368.04064041132006,0.0,0.0,Heuristic
GEANT,27,5,LocalSearch,368.0406404113201,0.0010001659393310547,1.5444875543440025e-14,Heuristic
Integra Telecom ,27,1,ILP,5315.556097023866,0.032000064849853516,0.0,Optimal
Integra Telecom ,27,1,Greedy,5315.556097023866,0.0,0.0,Heuristic
Integra Telecom ,27,1,LocalSearch,5315.556097023866,0.0,0.0,Heuristic
Integra Telecom ,27,2,ILP,41.32874570691739,0.057000160217285156,0.0,Optimal
Integra Telecom ,27,2,Greedy,41.32874570691739,0.0,0.0,Heuristic
Integra Telecom ,27,2,LocalSearch,41.32874570691739,0.0,0.0,Heuristic
Integra Telecom ,27,3,ILP,0.0,0.05900001525878906,0.0,Optimal
Integra Telecom ,27,3,Greedy,0.0,0.0,0.0,Heuristic
Integra Telecom ,27,3,LocalSearch,0.0,0.0,0.0,Heuristic
Integra Telecom ,27,5,ILP,0.0,0.053999900817871094,0.0,Optimal
Integra Telecom ,27,5,Greedy,0.0,0.0,0.0,Heuristic
Integra Telecom ,27,5,LocalSearch,0.0,0.0,0.0,Heuristic
Darkstrand ,28,1,ILP,15871.38139360825,0.0409998893737793,0.0,Optimal
Darkstrand ,28,1,Greedy,15871.38139360825,0.0,0.0,Heuristic
Darkstrand ,28,1,LocalSearch,15871.38139360825,0.0,0.0,Heuristic
Darkstrand ,28,2,ILP,3929.6060717706064,0.07999992370605469,2.3144678758171995e-14,Optimal
Darkstrand ,28,2,Greedy,6125.461217857248,0.0,55.879777921282376,Heuristic
Darkstrand ,28,2,LocalSearch,3929.6060717706055,0.0,0.0,Heuristic
Darkstrand ,28,3,ILP,1874.112913742113,0.06200003623962402,0.0,Optimal
Darkstrand ,28,3,Greedy,3304.973028378969,0.0,76.3486609662063,Heuristic
Darkstrand ,28,3,LocalSearch,1874.112913742113,0.0,0.0,Heuristic
Darkstrand ,28,5,ILP,551.1946020389023,0.05000019073486328,0.0,Optimal
Darkstrand ,28,5,Greedy,1219.460044512758,0.0,121.23947513308391,Heuristic
Darkstrand ,28,5,LocalSearch,551.1946020389024,0.0,2.062553539187095e-14,Heuristic
Gambia,28,1,ILP,243.0642670303234,0.029999971389770508,0.0,Optimal
Gambia,28,1,Greedy,243.0642670303234,0.0,0.0,Heuristic
Gambia,28,1,LocalSearch,243.0642670303234,0.0,0.0,Heuristic
Gambia,28,2,ILP,153.57660297398226,0.05499982833862305,0.0,Optimal
Gambia,28,2,Greedy,153.57660297398226,0.0,0.0,Heuristic
Gambia,28,2,LocalSearch,153.57660297398226,0.0,0.0,Heuristic
Gambia,28,3,ILP,107.28363524108549,0.053999900817871094,0.0,Optimal
Gambia,28,3,Greedy,107.28363524108549,0.0,0.0,Heuristic
Gambia,28,3,LocalSearch,107.28363524108549,0.0,0.0,Heuristic
Gambia,28,5,ILP,72.77597521199951,0.04799985885620117,1.9526848900073385e-14,Optimal
Gambia,28,5,Greedy,73.98086185120704,0.0,1.6556104342094464,Heuristic
Gambia,28,5,LocalSearch,72.7759752119995,0.0009999275207519531,0.0,Heuristic
KentMan,28,1,ILP,0.0,0.03400015830993652,0.0,Optimal
KentMan,28,1,Greedy,0.0,0.0,0.0,Heuristic
KentMan,28,1,LocalSearch,0.0,0.0,0.0,Heuristic
KentMan,28,2,ILP,0.0,0.04200005531311035,0.0,Optimal
KentMan,28,2,Greedy,0.0,0.0,0.0,Heuristic
KentMan,28,2,LocalSearch,0.0,0.0,0.0,Heuristic
KentMan,28,3,ILP,0.0,0.04200005531311035,0.0,Optimal
KentMan,28,3,Greedy,0.0,0.0,0.0,Heuristic
KentMan,28,3,LocalSearch,0.0,0.0009999275207519531,0.0,Heuristic
KentMan,28,5,ILP,0.0,0.10500001907348633,0.0,Optimal
KentMan,28,5,Greedy,0.0,0.0,0.0,Heuristic
KentMan,28,5,LocalSearch,0.0,0.0,0.0,Heuristic
Shentel ,28,1,ILP,1351.5970465279242,0.04200005531311035,1.6822593392559216e-14,Optimal
Shentel ,28,1,Greedy,1351.5970465279242,0.0,1.6822593392559216e-14,Heuristic
Shentel ,28,1,LocalSearch,1351.597046527924,0.0,0.0,Heuristic
Shentel ,28,2,ILP,23.198379480376968,0.0559999942779541,0.0,Optimal
Shentel ,28,2,Greedy,23.198379480376968,0.0,0.0,Heuristic
Shentel ,28,2,LocalSearch,23.198379480376968,0.0,0.0,Heuristic
Shentel ,28,3,ILP,0.0,0.04999995231628418,0.0,Optimal
Shentel ,28,3,Greedy,0.0,0.0,0.0,Heuristic
Shentel ,28,3,LocalSearch,0.0,0.0,0.0,Heuristic
Shentel ,28,5,ILP,0.0,0.07500004768371582,0.0,Optimal
Shentel ,28,5,Greedy,0.0,0.0,0.0,Heuristic
Shentel ,28,5,LocalSearch,0.0,0.0,0.0,Heuristic
ARPANET,29,1,ILP,25613.914730415767,0.04900002479553223,1.4203134684335156e-14,Optimal
ARPANET,29,1,Greedy,25613.914730415767,0.0,1.4203134684335156e-14,Heuristic
ARPANET,29,1,LocalSearch,25613.914730415763,0.0,0.0,Heuristic
ARPANET,29,2,ILP,1387.7231296236873,0.04900002479553223,1.6384657039253185e-14,Optimal
ARPANET,29,2,Greedy,1387.723129623687,0.0,0.0,Heuristic
ARPANET,29,2,LocalSearch,1387.7231296236873,0.0,1.6384657039253185e-14,Heuristic
ARPANET,29,3,ILP,1102.5471614774638,0.06799983978271484,0.0,Optimal
ARPANET,29,3,Greedy,1102.5471614774638,0.0,0.0,Heuristic
ARPANET,29,3,LocalSearch,1102.5471614774638,0.0009999275207519531,0.0,Heuristic
ARPANET,29,5,ILP,610.5250515955604,0.05900001525878906,1.8621158529777644e-14,Optimal
ARPANET,29,5,Greedy,610.5250515955604,0.0,1.8621158529777644e-14,Heuristic
ARPANET,29,5,LocalSearch,610.5250515955603,0.0010001659393310547,0.0,Heuristic
BizNetworks,29,1,ILP,2409.330635318902,0.04400014877319336,0.0,Optimal
BizNetworks,29,1,Greedy,2409.330635318902,0.0,0.0,Heuristic
BizNetworks,29,1,LocalSearch,2409.330635318902,0.0,0.0,Heuristic
BizNetworks,29,2,ILP,1056.7650404671397,0.06099987030029297,0.0,Optimal
BizNetworks,29,2,Greedy,1080.207923703635,0.0,2.218362865801516,Heuristic
BizNetworks,29,2,LocalSearch,1056.76504046714,0.0,2.1516010346322797e-14,Heuristic
BizNetworks,29,3,ILP,448.73912232977995,0.06200003623962402,0.0,Optimal
BizNetworks,29,3,Greedy,448.73912232977995,0.0,0.0,Heuristic
BizNetworks,29,3,LocalSearch,448.73912232977995,0.0,0.0,Heuristic
BizNetworks,29,5,ILP,109.69310544376201,0.06500005722045898,0.0,Optimal
BizNetworks,29,5,Greedy,156.78604441112404,0.0,42.931539568369566,Heuristic
BizNetworks,29,5,LocalSearch,109.69310544376202,0.002000093460083008,1.2955102928039258e-14,Heuristic
CESNET,29,1,ILP,1156.3187879004026,0.039999961853027344,0.0,Optimal
CESNET,29,1,Greedy,1156.318787900403,0.0,3.932716095638091e-14,Heuristic
CESNET,29,1,LocalSearch,1156.3187879004029,0.0,1.9663580478190455e-14,Heuristic
CESNET,29,2,ILP,394.43313214814043,0.0690000057220459,0.0,Optimal
CESNET,29,2,Greedy,394.4331321481405,0.0,1.441142090453468e-14,Heuristic
CESNET,29,2,LocalSearch,394.4331321481405,0.0,1.441142090453468e-14,Heuristic
CESNET,29,3,ILP,228.33702619720432,0.04999995231628418,2.489452534593095e-14,Optimal
CESNET,29,3,Greedy,228.3370261972043,0.0,1.2447262672965475e-14,Heuristic
CESNET,29,3,LocalSearch,228.33702619720427,0.0010001659393310547,0.0,Heuristic
CESNET,29,5,ILP,57.706354861047934,0.05900001525878906,1.2313076046321546e-14,Optimal
CESNET,29,5,Greedy,77.81366669160037,0.0,34.844189827912665,Heuristic
CESNET,29,5,LocalSearch,57.70635486104793,0.0,0.0,Heuristic
Janet Backbone,29,1,ILP,2232.0798684195383,0.048999786376953125,0.0,Optimal
Janet Backbone,29,1,Greedy,2232.0798684195383,0.0,0.0,Heuristic
Janet Backbone,29,1,LocalSearch,2232.0798684195383,0.0,0.0,Heuristic
Janet Backbone,29,2,ILP,460.352846943079,0.053999900817871094,0.0,Optimal
Janet Backbone,29,2,Greedy,1177.4341910295248,0.0,155.767765714526,Heuristic
Janet Backbone,29,2,LocalSearch,460.35284694307904,0.0,1.2347793488901026e-14,Heuristic
Janet Backbone,29,3,ILP,183.99973835428634,0.059999942779541016,0.0,Optimal
Janet Backbone,29,3,Greedy,394.1655581465771,0.0,114.22071665538043,Heuristic
Janet Backbone,29,3,LocalSearch,183.99973835428634,0.0,0.0,Heuristic
Janet Backbone,29,5,ILP,36.824612190467654,0.046000003814697266,0.0,Optimal
Janet Backbone,29,5,Greedy,62.81462013086909,0.0,70.5778184600384,Heuristic
Janet Backbone,29,5,LocalSearch,36.824612190467654,0.0009999275207519531,0.0,Heuristic
ARN,30,1,ILP,2725.7894280124765,0.037000179290771484,0.0,Optimal
ARN,30,1,Greedy,2725.7894280124765,0.0009999275207519531,0.0,Heuristic
ARN,30,1,LocalSearch,2725.7894280124765,0.0,0.0,Heuristic
ARN,30,2,ILP,1223.2337972824323,0.056999921798706055,0.0,Optimal
ARN,30,2,Greedy,1456.864832699463,0.0,19.099458822677352,Heuristic
ARN,30,2,LocalSearch,1223.2337972824323,0.0010001659393310547,0.0,Heuristic
ARN,30,3,ILP,426.3169767416923,0.053999900817871094,1.3333604327760502e-14,Optimal
ARN,30,3,Greedy,426.31697674169226,0.0,0.0,Heuristic
ARN,30,3,LocalSearch,426.31697674169226,0.0,0.0,Heuristic
ARN,30,5,ILP,56.961062397268456,0.051000118255615234,1.2474183343079185e-14,Optimal
ARN,30,5,Greedy,56.96106239726845,0.0,0.0,Heuristic
ARN,30,5,LocalSearch,56.96106239726845,0.0019998550415039062,0.0,Heuristic
Cynet,30,1,ILP,98.29016843953718,0.023000001907348633,0.0,Optimal
Cynet,30,1,Greedy,98.29016843953718,0.0,0.0,Heuristic
Cynet,30,1,LocalSearch,98.2901684395372,0.0,1.4458063243572275e-14,Heuristic
Cynet,30,2,ILP,64.78311872758236,0.06100010871887207,2.1936045985929862e-14,Optimal
Cynet,30,2,Greedy,64.78311872758236,0.0,2.1936045985929862e-14,Heuristic
Cynet,30,2,LocalSearch,64.78311872758235,0.0,0.0,Heuristic
Cynet,30,3,ILP,41.50459950043198,0.05500006675720215,0.0,Optimal
Cynet,30,3,Greedy,41.52684340559805,0.0,0.05359383160856649,Heuristic
Cynet,30,3,LocalSearch,41.50459950043198,0.0009999275207519531,0.0,Heuristic
Cynet,30,5,ILP,17.925406076045675,0.04800009727478027,1.98194320604436e-14,Optimal
Cynet,30,5,Greedy,17.951644546780894,0.0,0.14637587915113356,Heuristic
Cynet,30,5,LocalSearch,17.92540607604567,0.0010001659393310547,0.0,Heuristic
ERNET,30,1,ILP,11855.724302864244,0.037999868392944336,1.5342710045192297e-14,Optimal
ERNET,30,1,Greedy,11855.724302864242,0.0,0.0,Heuristic
ERNET,30,1,LocalSearch,11855.724302864244,0.0,1.5342710045192297e-14,Heuristic
ERNET,30,2,ILP,4041.96285798316,0.05299997329711914,0.0,Optimal
ERNET,30,2,Greedy,5040.394967706063,0.0,24.701664631849084,Heuristic
ERNET,30,2,LocalSearch,4041.96285798316,0.0009999275207519531,0.0,Heuristic
ERNET,30,3,ILP,2083.73737613549,0.04400014877319336,0.0,Optimal
ERNET,30,3,Greedy,2666.4599158991027,0.0,27.96525831121447,Heuristic
ERNET,30,3,LocalSearch,2083.73737613549,0.0,0.0,Heuristic
ERNET,30,5,ILP,491.53266535709105,0.046000003814697266,1.1564525181558815e-14,Optimal
ERNET,30,5,Greedy,500.69707158877793,0.0,1.8644551781780643,Heuristic
ERNET,30,5,LocalSearch,491.532665357091,0.0009999275207519531,0.0,Heuristic
GTS Hungary,30,1,ILP,509.096982889225,0.03399991989135742,0.0,Optimal
GTS Hungary,30,1,Greedy,509.096982889225,0.0,0.0,Heuristic
GTS Hungary,30,1,LocalSearch,509.09698288922505,0.0,1.1165538349532243e-14,Heuristic
GTS Hungary,30,2,ILP,307.4394534109626,0.04499983787536621,0.0,Optimal
GTS Hungary,30,2,Greedy,320.0008932580297,0.0,4.085825585396124,Heuristic
GTS Hungary,30,2,LocalSearch,307.4394534109626,0.0010001659393310547,0.0,Heuristic
GTS Hungary,30,3,ILP,158.18465418500597,0.046000003814697266,0.0,Optimal
GTS Hungary,30,3,Greedy,158.18465418500597,0.0,0.0,Heuristic
GTS Hungary,30,3,LocalSearch,158.18465418500597,0.0,0.0,Heuristic
GTS Hungary,30,5,ILP,107.13429345157168,0.03500008583068848,0.0,Optimal
GTS Hungary,30,5,Greedy,107.1342934515717,0.0,1.3264524604930344e-14,Heuristic
GTS Hungary,30,5,LocalSearch,107.1342934515717,0.0,1.3264524604930344e-14,Heuristic
Renater,30,1,ILP,925.0356812736868,0.04900002479553223,0.0,Optimal
Renater,30,1,Greedy,925.0356812736868,0.0,0.0,Heuristic
Renater,30,1,LocalSearch,925.0356812736869,0.0,1.2289994864314854e-14,Heuristic
Renater,30,2,ILP,325.75372676838725,0.04999995231628418,1.7449813828599426e-14,Optimal
Renater,30,2,Greedy,325.75372676838725,0.0,1.7449813828599426e-14,Heuristic
Renater,30,2,LocalSearch,325.7537267683872,0.0,0.0,Heuristic
Renater,30,3,ILP,251.89701288601344,0.0559999942779541,0.0,Optimal
Renater,30,3,Greedy,251.89701288601347,0.0,1.1283067276095563e-14,Heuristic
Renater,30,3,LocalSearch,251.89701288601347,0.0010001659393310547,1.1283067276095563e-14,Heuristic
Renater,30,5,ILP,136.19496328850744,0.042999982833862305,2.086839978817508e-14,Optimal
Renater,30,5,Greedy,136.1949632885074,0.0,0.0,Heuristic
Renater,30,5,LocalSearch,136.19496328850744,0.0,2.086839978817508e-14,Heuristic
WIDE,30,1,ILP,9695.180511923854,0.046000003814697266,1.8761789956450303e-14,Optimal
WIDE,30,1,Greedy,9695.180511923856,0.0,3.7523579912900605e-14,Heuristic
WIDE,30,1,LocalSearch,9695.180511923852,0.0,0.0,Heuristic
WIDE,30,2,ILP,5064.41068042354,0.09500002861022949,0.0,Optimal
WIDE,30,2,Greedy,5064.41068042354,0.0,0.0,Heuristic
WIDE,30,2,LocalSearch,5064.41068042354,0.0,0.0,Heuristic
WIDE,30,3,ILP,3782.5428679019733,0.0559999942779541,2.4044531246182258e-14,Optimal
WIDE,30,3,Greedy,3782.5428679019724,0.0,0.0,Heuristic
WIDE,30,3,LocalSearch,3782.5428679019733,0.0,2.4044531246182258e-14,Heuristic
WIDE,30,5,ILP,2112.9346129496616,0.054000139236450195,2.1522073996016178e-14,Optimal
WIDE,30,5,Greedy,2112.9346129496616,0.0,2.1522073996016178e-14,Heuristic
WIDE,30,5,LocalSearch,2112.934612949661,0.0009999275207519531,0.0,Heuristic
DIGEX,31,1,ILP,10026.092184138963,0.042999982833862305,1.8142556143892776e-14,Optimal
DIGEX,31,1,Greedy,10026.092184138963,0.0,1.8142556143892776e-14,Heuristic
DIGEX,31,1,LocalSearch,10026.09218413896,0.0,0.0,Heuristic
DIGEX,31,2,ILP,3812.0241440704635,0.059999942779541016,3.578786495309709e-14,Optimal
DIGEX,31,2,Greedy,3812.024144070463,0.0,2.3858576635398063e-14,Heuristic
DIGEX,31,2,LocalSearch,3812.024144070462,0.0,0.0,Heuristic
DIGEX,31,3,ILP,2121.439288730458,0.059999942779541016,0.0,Optimal
DIGEX,31,3,Greedy,2121.439288730458,0.0,0.0,Heuristic
DIGEX,31,3,LocalSearch,2121.439288730458,0.0009999275207519531,0.0,Heuristic
DIGEX,31,5,ILP,788.7113327509004,0.05200004577636719,0.0,Optimal
DIGEX,31,5,Greedy,838.8085331786932,0.0,6.351778952264031,Heuristic
DIGEX,31,5,LocalSearch,788.7113327509005,0.0,1.4414251830906794e-14,Heuristic
IINET ,31,1,ILP,9688.698999684226,0.042999982833862305,0.0,Optimal
IINET ,31,1,Greedy,9688.698999684226,0.0,0.0,Heuristic
IINET ,31,1,LocalSearch,9688.698999684226,0.0,0.0,Heuristic
IINET ,31,2,ILP,3393.906165374678,0.057000160217285156,1.3398937057420422e-14,Optimal
IINET ,31,2,Greedy,3404.4303836332783,0.0,0.310091609661191,Heuristic
IINET ,31,2,LocalSearch,3393.9061653746776,0.0,0.0,Heuristic
IINET ,31,3,ILP,2225.3994619416626,0.07400012016296387,0.0,Optimal
IINET ,31,3,Greedy,2225.3994619416626,0.0,0.0,Heuristic
IINET ,31,3,LocalSearch,2225.3994619416635,0.0009999275207519531,4.0868829049657156e-14,Heuristic
IINET ,31,5,ILP,1272.4156921847164,0.05500006675720215,1.7869449177637483e-14,Optimal
IINET ,31,5,Greedy,1319.520594238237,0.0,3.702005747244639,Heuristic
IINET ,31,5,LocalSearch,1272.4156921847161,0.0009999275207519531,0.0,Heuristic
RNP,31,1,ILP,10190.099182829505,0.037999868392944336,0.0,Optimal
RNP,31,1,Greedy,10190.099182829506,0.0,1.7850556416672426e-14,Heuristic
RNP,31,1,LocalSearch,10190.099182829506,0.0,1.7850556416672426e-14,Heuristic
RNP,31,2,ILP,3384.9388477157536,0.0559999942779541,0.0,Optimal
RNP,31,2,Greedy,4708.205412718563,0.0,39.09277610423552,Heuristic
RNP,31,2,LocalSearch,3384.938847715754,0.0,1.3434433274720448e-14,Heuristic
RNP,31,3,ILP,1767.9919964160977,0.0559999942779541,0.0,Optimal
RNP,31,3,Greedy,2304.288667901597,0.0,30.33365946071181,Heuristic
RNP,31,3,LocalSearch,1767.991996416098,0.0010001659393310547,1.2860560223357457e-14,Heuristic
RNP,31,5,ILP,555.4993254854793,0.06299996376037598,0.0,Optimal
RNP,31,5,Greedy,555.4993254854794,0.0,2.046570220805566e-14,Heuristic
RNP,31,5,LocalSearch,555.4993254854794,0.0,2.046570220805566e-14,Heuristic
Canerie,32,1,ILP,15856.103245893417,0.04699993133544922,3.4415569361601346e-14,Optimal
Canerie,32,1,Greedy,15856.103245893415,0.0,2.294371290773423e-14,Heuristic
Canerie,32,1,LocalSearch,15856.103245893411,0.0,0.0,Heuristic
Canerie,32,2,ILP,3760.26544833352,0.06299996376037598,1.2093490662687119e-14,Optimal
Canerie,32,2,Greedy,9229.651411672488,0.0,145.45212401860888,Heuristic
Canerie,32,2,LocalSearch,3760.2654483335195,0.0,0.0,Heuristic
Canerie,32,3,ILP,2304.155482081428,0.057000160217285156,0.0,Optimal
Canerie,32,3,Greedy,3181.2309646652593,0.0,38.064943507698395,Heuristic
Canerie,32,3,LocalSearch,2304.155482081428,0.0,0.0,Heuristic
Canerie,32,5,ILP,1020.6896502144189,0.06499981880187988,0.0,Optimal
Canerie,32,5,Greedy,1396.6718244965848,0.0,36.83609157819739,Heuristic
Canerie,32,5,LocalSearch,1020.6896502144189,0.0,0.0,Heuristic
GTS Czech Republic,32,1,ILP,1434.8581943763024,0.04999995231628418,0.0,Optimal
GTS Czech Republic,32,1,Greedy,1434.858194376303,0.0,3.1692842726115636e-14,Heuristic
GTS Czech Republic,32,1,LocalSearch,1434.858194376303,0.0,3.1692842726115636e-14,Heuristic
GTS Czech Republic,32,2,ILP,728.2748149073354,0.059999942779541016,0.0,Optimal
GTS Czech Republic,32,2,Greedy,801.7398932619582,0.0,10.08754893768643,Heuristic
GTS Czech Republic,32,2,LocalSearch,728.2748149073356,0.0,1.5610431034345376e-14,Heuristic
GTS Czech Republic,32,3,ILP,309.4462976245799,0.059999942779541016,1.8369396983308047e-14,Optimal
GTS Czech Republic,32,3,Greedy,309.4462976245799,0.0,1.8369396983308047e-14,Heuristic
GTS Czech Republic,32,3,LocalSearch,309.44629762457987,0.0010001659393310547,0.0,Heuristic
GTS Czech Republic,32,5,ILP,139.16314608083738,0.05900001525878906,0.0,Optimal
GTS Czech Republic,32,5,Greedy,183.16425824877828,0.0,31.618365499139724,Heuristic
GTS Czech Republic,32,5,LocalSearch,139.16314608083738,0.0009999275207519531,0.0,Heuristic
BICS,33,1,ILP,4135.749933269018,0.04700016975402832,2.199104676171843e-14,Optimal
BICS,33,1,Greedy,4135.749933269017,0.0,0.0,Heuristic
BICS,33,1,LocalSearch,4135.749933269017,0.0,0.0,Heuristic
BICS,33,2,ILP,2201.2226069623416,0.0690000057220459,2.0658853377578637e-14,Optimal
BICS,33,2,Greedy,2489.7837143550028,0.0,13.10912883049444,Heuristic
BICS,33,2,LocalSearch,2201.222606962341,0.0,0.0,Heuristic
BICS,33,3,ILP,993.6366448398751,0.06999993324279785,1.1441490036826964e-14,Optimal
BICS,33,3,Greedy,1652.6782616238117,0.0,66.32621896610321,Heuristic
BICS,33,3,LocalSearch,993.636644839875,0.0009999275207519531,0.0,Heuristic
BICS,33,5,ILP,131.97112377717656,0.06100010871887207,0.0,Optimal
BICS,33,5,Greedy,455.9460102997486,0.0,245.4892231345848,Heuristic
BICS,33,5,LocalSearch,131.97112377717656,0.0009999275207519531,0.0,Heuristic
CRL,33,1,ILP,23481.33358606739,0.04999995231628418,0.0,Optimal
CRL,33,1,Greedy,23481.33358606739,0.0,0.0,Heuristic
CRL,33,1,LocalSearch,23481.33358606739,0.0,0.0,Heuristic
CRL,33,2,ILP,3118.007610444694,0.0710000991821289,1.4584549099981434e-14,Optimal
CRL,33,2,Greedy,7123.446749072095,0.0,128.46149333343487,Heuristic
CRL,33,2,LocalSearch,3118.0076104446935,0.0,0.0,Heuristic
CRL,33,3,ILP,1898.34670325701,0.06100010871887207,0.0,Optimal
CRL,33,3,Greedy,2224.0638661897237,0.0,17.157938661777536,Heuristic
CRL,33,3,LocalSearch,1898.3467032570106,0.0009999275207519531,3.5932373425748584e-14,Heuristic
CRL,33,5,ILP,1067.9302007569638,0.05900001525878906,2.1291061464697457e-14,Optimal
CRL,33,5,Greedy,1067.9302007569638,0.0,2.1291061464697457e-14,Heuristic
CRL,33,5,LocalSearch,1067.9302007569636,0.0009999275207519531,0.0,Heuristic
GTS Poland,33,1,ILP,2847.1570105520536,0.05200004577636719,1.5971980091055473e-14,Optimal
GTS Poland,33,1,Greedy,2847.157010552054,0.0,3.1943960182110945e-14,Heuristic
GTS Poland,33,1,LocalSearch,2847.157010552053,0.0,0.0,Heuristic
GTS Poland,33,2,ILP,783.0647701478898,0.06800007820129395,1.4518190838817218e-14,Optimal
GTS Poland,33,2,Greedy,993.3666859758688,0.0,26.85626066260923,Heuristic
GTS Poland,33,2,LocalSearch,783.0647701478897,0.0,0.0,Heuristic
GTS Poland,33,3,ILP,321.89389799447684,0.0690000057220459,0.0,Optimal
GTS Poland,33,3,Greedy,377.5974026526528,0.0,17.304927184153005,Heuristic
GTS Poland,33,3,LocalSearch,321.8938979944769,0.0009999275207519531,1.7659054494342527e-14,Heuristic
GTS Poland,33,5,ILP,124.69749179793291,0.10600018501281738,0.0,Optimal
GTS Poland,33,5,Greedy,155.43770798899277,0.0,24.651832003865078,Heuristic
GTS Poland,33,5,LocalSearch,124.69749179793293,0.0,1.139626347756064e-14,Heuristic
INS IXC Services ,33,1,ILP,1915.1097191586382,0.04999995231628418,1.1872618741819334e-14,Optimal
INS IXC Services ,33,1,Greedy,1915.109719158638,0.0,0.0,Heuristic
INS IXC Services ,33,1,LocalSearch,1915.109719158638,0.0,0.0,Heuristic
INS IXC Services ,33,2,ILP,1041.4195196488756,0.07800006866455078,0.0,Optimal
INS IXC Services ,33,2,Greedy,1204.8914231810172,0.0,15.697027033568343,Heuristic
INS IXC Services ,33,2,LocalSearch,1041.4195196488756,0.0,0.0,Heuristic
INS IXC Services ,33,3,ILP,515.3177573279586,0.06300020217895508,0.0,Optimal
INS IXC Services ,33,3,Greedy,634.6021801047812,0.0,23.147741578970578,Heuristic
INS IXC Services ,33,3,LocalSearch,515.3177573279586,0.0,0.0,Heuristic
INS IXC Services ,33,5,ILP,162.21676900991645,0.05800008773803711,0.0,Optimal
INS IXC Services ,33,5,Greedy,169.94628363319532,0.0,4.7649294647252916,Heuristic
INS IXC Services ,33,5,LocalSearch,162.21676900991648,0.0009999275207519531,1.7520820815181298e-14,Heuristic
Renater,33,1,ILP,2694.259164249293,0.04900002479553223,0.0,Optimal
Renater,33,1,Greedy,2694.259164249294,0.0,3.3756763782831656e-14,Heuristic
Renater,33,1,LocalSearch,2694.259164249294,0.0,3.3756763782831656e-14,Heuristic
Renater,33,2,ILP,879.4009587210119,0.05800008773803711,2.585551825801067e-14,Optimal
Renater,33,2,Greedy,879.4009587210116,0.0,0.0,Heuristic
Renater,33,2,LocalSearch,879.4009587210116,0.0,0.0,Heuristic
Renater,33,3,ILP,230.4349871783284,0.07399988174438477,0.0,Optimal
Renater,33,3,Greedy,338.57063553377,0.0,46.926749136301005,Heuristic
Renater,33,3,LocalSearch,230.4349871783284,0.0,0.0,Heuristic
Renater,33,5,ILP,79.11041597673315,0.06099987030029297,0.0,Optimal
Renater,33,5,Greedy,79.11041597673317,0.0,1.7963316890384577e-14,Heuristic
Renater,33,5,LocalSearch,79.11041597673317,0.0,1.7963316890384577e-14,Heuristic
Renater,33,1,ILP,2694.259164249293,0.03699994087219238,0.0,Optimal
Renater,33,1,Greedy,2694.259164249294,0.0,3.3756763782831656e-14,Heuristic
Renater,33,1,LocalSearch,2694.259164249294,0.0,3.3756763782831656e-14,Heuristic
Renater,33,2,ILP,879.4009587210119,0.07000017166137695,2.585551825801067e-14,Optimal
Renater,33,2,Greedy,879.4009587210116,0.0,0.0,Heuristic
Renater,33,2,LocalSearch,879.4009587210116,0.0,0.0,Heuristic
Renater,33,3,ILP,230.4349871783284,0.054000139236450195,0.0,Optimal
Renater,33,3,Greedy,338.57063553377,0.0,46.926749136301005,Heuristic
Renater,33,3,LocalSearch,230.4349871783284,0.0,0.0,Heuristic
Renater,33,5,ILP,79.11041597673315,0.06399989128112793,0.0,Optimal
Renater,33,5,Greedy,79.11041597673317,0.0,1.7963316890384577e-14,Heuristic
Renater,33,5,LocalSearch,79.11041597673317,0.002000093460083008,1.7963316890384577e-14,Heuristic
ARNES,34,1,ILP,1272.0495338612636,0.03099989891052246,1.7874592882640895e-14,Optimal
ARNES,34,1,Greedy,1272.0495338612636,0.0,1.7874592882640895e-14,Heuristic
ARNES,34,1,LocalSearch,1272.0495338612634,0.0,0.0,Heuristic
ARNES,34,2,ILP,94.55864541621972,0.08100008964538574,1.502861494329783e-14,Optimal
ARNES,34,2,Greedy,94.5586454162197,0.0,0.0,Heuristic
ARNES,34,2,LocalSearch,94.55864541621972,0.0,1.502861494329783e-14,Heuristic
ARNES,34,3,ILP,0.0,0.06199979782104492,0.0,Optimal
ARNES,34,3,Greedy,0.0,0.0,0.0,Heuristic
ARNES,34,3,LocalSearch,0.0,0.0,0.0,Heuristic
ARNES,34,5,ILP,0.0,0.054000139236450195,0.0,Optimal
ARNES,34,5,Greedy,0.0,0.0,0.0,Heuristic
ARNES,34,5,LocalSearch,0.0,0.0,0.0,Heuristic
GEANT,34,1,ILP,5268.425802121964,0.06199979782104492,0.0,Optimal
GEANT,34,1,Greedy,5268.425802121964,0.0,0.0,Heuristic
GEANT,34,1,LocalSearch,5268.425802121965,0.0,1.726312063475604e-14,Heuristic
GEANT,34,2,ILP,2960.111191861197,0.07499980926513672,0.0,Optimal
GEANT,34,2,Greedy,2960.111191861197,0.0,0.0,Heuristic
GEANT,34,2,LocalSearch,2960.1111918611973,0.0,1.536250908873925e-14,Heuristic
GEANT,34,3,ILP,1095.7259125155385,0.08099985122680664,0.0,Optimal
GEANT,34,3,Greedy,1095.7259125155385,0.0,0.0,Heuristic
GEANT,34,3,LocalSearch,1095.7259125155385,0.0,0.0,Heuristic
GEANT,34,5,ILP,0.0,0.07799983024597168,0.0,Optimal
GEANT,34,5,Greedy,0.0,0.0,0.0,Heuristic
GEANT,34,5,LocalSearch,0.0,0.0,0.0,Heuristic
Xspedius,34,1,ILP,7964.310651097284,0.06300020217895508,1.1419628661114852e-14,Optimal
Xspedius,34,1,Greedy,7964.310651097283,0.0,0.0,Heuristic
Xspedius,34,1,LocalSearch,7964.310651097285,0.0,2.2839257322229704e-14,Heuristic
Xspedius,34,2,ILP,2660.4449422703674,0.07200002670288086,0.0,Optimal
Xspedius,34,2,Greedy,4514.205483945709,0.0,69.67859068315774,Heuristic
Xspedius,34,2,LocalSearch,2660.4449422703674,0.0010001659393310547,0.0,Heuristic
Xspedius,34,3,ILP,1066.3725763573254,0.08899998664855957,0.0,Optimal
Xspedius,34,3,Greedy,1414.9310153765002,0.0,32.68636560495889,Heuristic
Xspedius,34,3,LocalSearch,1066.3725763573254,0.0009999275207519531,0.0,Heuristic
Xspedius,34,5,ILP,333.4500154607716,0.0710000991821289,1.7047058397121383e-14,Optimal
Xspedius,34,5,Greedy,333.4500154607716,0.0,1.7047058397121383e-14,Heuristic
Xspedius,34,5,LocalSearch,333.45001546077157,0.0,0.0,Heuristic
GTS Slovakia,35,1,ILP,1309.7720267132784,0.08999991416931152,0.0,Optimal
GTS Slovakia,35,1,Greedy,1309.7720267132784,0.0,0.0,Heuristic
GTS Slovakia,35,1,LocalSearch,1309.7720267132784,0.0,0.0,Heuristic
GTS Slovakia,35,2,ILP,507.8430258887852,0.3430001735687256,1.1193108098969231e-14,Optimal
GTS Slovakia,35,2,Greedy,620.0819925237422,0.0,22.101114106770627,Heuristic
GTS Slovakia,35,2,LocalSearch,507.8430258887851,0.0,0.0,Heuristic
GTS Slovakia,35,3,ILP,76.5693707131773,0.2840001583099365,1.855945083894541e-14,Optimal
GTS Slovakia,35,3,Greedy,76.56937071317732,0.0,3.711890167789082e-14,Heuristic
GTS Slovakia,35,3,LocalSearch,76.56937071317729,0.0019998550415039062,0.0,Heuristic
GTS Slovakia,35,5,ILP,53.80969582179472,0.11800003051757812,0.0,Optimal
GTS Slovakia,35,5,Greedy,53.80969582179472,0.0,0.0,Heuristic
GTS Slovakia,35,5,LocalSearch,53.809695821794726,0.0019998550415039062,1.3204734293857627e-14,Heuristic
Network USA ,35,1,ILP,2420.722269574124,0.07599997520446777,0.0,Optimal
Network USA ,35,1,Greedy,2420.7222695741243,0.0,1.8785606122691124e-14,Heuristic
Network USA ,35,1,LocalSearch,2420.7222695741248,0.0,3.757121224538225e-14,Heuristic
Network USA ,35,2,ILP,907.3894169448255,0.19499993324279785,0.0,Optimal
Network USA ,35,2,Greedy,979.486087696161,0.0,7.945504918283548,Heuristic
Network USA ,35,2,LocalSearch,907.3894169448256,0.0,1.252900194763114e-14,Heuristic
Network USA ,35,3,ILP,512.8332124621738,0.15999984741210938,0.0,Optimal
Network USA ,35,3,Greedy,727.8034399904924,0.0,41.91815629417227,Heuristic
Network USA ,35,3,LocalSearch,512.8332124621738,0.0,0.0,Heuristic
Network USA ,35,5,ILP,257.1653628856777,0.1119999885559082,0.0,Optimal
Network USA ,35,5,Greedy,285.5086600665303,0.0,11.02142872695205,Heuristic
Network USA ,35,5,LocalSearch,257.1653628856777,0.0,0.0,Heuristic
BT North America,36,1,ILP,17917.24190066306,0.07500004768371582,0.0,Optimal
BT North America,36,1,Greedy,17917.24190066306,0.0,0.0,Heuristic
BT North America,36,1,LocalSearch,17917.24190066306,0.0009999275207519531,0.0,Heuristic
BT North America,36,2,ILP,3375.556138483858,0.10500001907348633,0.0,Optimal
BT North America,36,2,Greedy,9129.265569539984,0.0,170.4521920242874,Heuristic
BT North America,36,2,LocalSearch,3375.5561384838597,0.0,5.3887102714957704e-14,Heuristic
BT North America,36,3,ILP,1807.1390132104427,0.09799981117248535,0.0,Optimal
BT North America,36,3,Greedy,2651.7231773495782,0.0,46.73598201162752,Heuristic
BT North America,36,3,LocalSearch,1807.1390132104427,0.0,0.0,Heuristic
BT North America,36,5,ILP,739.1522338971624,0.08699989318847656,3.0761413551361384e-14,Optimal
BT North America,36,5,Greedy,941.038320611883,0.0,27.313194421436204,Heuristic
BT North America,36,5,LocalSearch,739.1522338971622,0.002000093460083008,0.0,Heuristic
CWIX,36,1,ILP,8969.656098075882,0.06999993324279785,0.0,Optimal
CWIX,36,1,Greedy,8969.656098075882,0.0,0.0,Heuristic
CWIX,36,1,LocalSearch,8969.656098075882,0.0,0.0,Heuristic
CWIX,36,2,ILP,5327.448638986855,0.0969998836517334,1.7071862413034752e-14,Optimal
CWIX,36,2,Greedy,5327.448638986855,0.0,1.7071862413034752e-14,Heuristic
CWIX,36,2,LocalSearch,5327.448638986854,0.0,0.0,Heuristic
CWIX,36,3,ILP,2270.51629221837,0.0970001220703125,2.0028367664438158e-14,Optimal
CWIX,36,3,Greedy,2270.51629221837,0.0,2.0028367664438158e-14,Heuristic
CWIX,36,3,LocalSearch,2270.5162922183695,0.0,0.0,Heuristic
CWIX,36,5,ILP,778.925265802385,0.08299994468688965,1.4595346012368103e-14,Optimal
CWIX,36,5,Greedy,915.4418179313508,0.0,17.52627089177006,Heuristic
CWIX,36,5,LocalSearch,778.9252658023848,0.0,0.0,Heuristic
NIIF,36,1,ILP,986.807738357312,0.0820000171661377,2.304133486242511e-14,Optimal
NIIF,36,1,Greedy,986.807738357312,0.0,2.304133486242511e-14,Heuristic
NIIF,36,1,LocalSearch,986.8077383573118,0.0,0.0,Heuristic
NIIF,36,2,ILP,576.2303156725483,0.08800005912780762,1.9729409340243796e-14,Optimal
NIIF,36,2,Greedy,576.2303156725482,0.0,0.0,Heuristic
NIIF,36,2,LocalSearch,576.2303156725483,0.0,1.9729409340243796e-14,Heuristic
NIIF,36,3,ILP,261.68896439381996,0.08099985122680664,0.0,Optimal
NIIF,36,3,Greedy,261.68896439381996,0.0,0.0,Heuristic
NIIF,36,3,LocalSearch,261.68896439381996,0.0,0.0,Heuristic
NIIF,36,5,ILP,136.9975484587864,0.08899998664855957,0.0,Optimal
NIIF,36,5,Greedy,144.6574396986495,0.0,5.591261541565074,Heuristic
NIIF,36,5,LocalSearch,136.9975484587864,0.0010001659393310547,0.0,Heuristic
PIONIER,36,1,ILP,5325.363168641369,0.04999995231628418,0.0,Optimal
PIONIER,36,1,Greedy,5325.363168641369,0.0,0.0,Heuristic
PIONIER,36,1,LocalSearch,5325.363168641369,0.0,0.0,Heuristic
PIONIER,36,2,ILP,1612.680644873792,0.0970001220703125,0.0,Optimal
PIONIER,36,2,Greedy,1645.0051032859765,0.0,2.004393028150599,Heuristic
PIONIER,36,2,LocalSearch,1612.680644873792,0.0,0.0,Heuristic
PIONIER,36,3,ILP,812.9768550174064,0.09900021553039551,0.0,Optimal
PIONIER,36,3,Greedy,966.0392565614354,0.0,18.82739964851175,Heuristic
PIONIER,36,3,LocalSearch,812.9768550174066,0.0,2.7968037963191933e-14,Heuristic
PIONIER,36,5,ILP,218.98944845472255,0.0820000171661377,0.0,Optimal
PIONIER,36,5,Greedy,429.6361692805714,0.0,96.1903517782508,Heuristic
PIONIER,36,5,LocalSearch,218.98944845472258,0.002000093460083008,1.2978574826759462e-14,Heuristic
Zamren,36,1,ILP,0.0,0.05900001525878906,0.0,Optimal
Zamren,36,1,Greedy,0.0,0.0,0.0,Heuristic
Zamren,36,1,LocalSearch,0.0,0.0,0.0,Heuristic
Zamren,36,2,ILP,0.0,0.0690000057220459,0.0,Optimal
Zamren,36,2,Greedy,0.0,0.0,0.0,Heuristic
Zamren,36,2,LocalSearch,0.0,0.0,0.0,Heuristic
Zamren,36,3,ILP,0.0,0.06699991226196289,0.0,Optimal
Zamren,36,3,Greedy,0.0,0.0,0.0,Heuristic
Zamren,36,3,LocalSearch,0.0,0.0,0.0,Heuristic
Zamren,36,5,ILP,0.0,0.07599997520446777,0.0,Optimal
Zamren,36,5,Greedy,0.0,0.0,0.0,Heuristic
Zamren,36,5,LocalSearch,0.0,0.0,0.0,Heuristic
BREN,37,1,ILP,1627.3889649437185,0.07299995422363281,0.0,Optimal
BREN,37,1,Greedy,1627.3889649437185,0.0,0.0,Heuristic
BREN,37,1,LocalSearch,1627.3889649437185,0.0,0.0,Heuristic
BREN,37,2,ILP,430.3545908667123,0.09400010108947754,1.3208507604468276e-14,Optimal
BREN,37,2,Greedy,430.3545908667123,0.0,1.3208507604468276e-14,Heuristic
BREN,37,2,LocalSearch,430.3545908667122,0.0,0.0,Heuristic
BREN,37,3,ILP,271.79101926150554,0.15199995040893555,4.1828769041199085e-14,Optimal
BREN,37,3,Greedy,336.38703658882594,0.0,23.766796085770977,Heuristic
BREN,37,3,LocalSearch,271.7910192615054,0.0,0.0,Heuristic
BREN,37,5,ILP,126.3610918199038,0.0839998722076416,0.0,Optimal
BREN,37,5,Greedy,158.52249471382197,0.0,25.451982434400154,Heuristic
BREN,37,5,LocalSearch,126.36109181990383,0.0009999275207519531,2.249245319193036e-14,Heuristic
EvoLink,37,1,ILP,1659.340176957168,0.0709998607635498,1.3702655947268202e-14,Optimal
EvoLink,37,1,Greedy,1659.3401769571678,0.0,0.0,Heuristic
EvoLink,37,1,LocalSearch,1659.3401769571678,0.0,0.0,Heuristic
EvoLink,37,2,ILP,655.7969404065567,0.09299993515014648,0.0,Optimal
EvoLink,37,2,Greedy,917.4170076267839,0.0,39.893456510797016,Heuristic
EvoLink,37,2,LocalSearch,655.7969404065568,0.0,1.7335676749442697e-14,Heuristic
EvoLink,37,3,ILP,383.50937319956523,0.0820000171661377,0.0,Optimal
EvoLink,37,3,Greedy,452.0079976042403,0.0,17.861003978390563,Heuristic
EvoLink,37,3,LocalSearch,383.50937319956535,0.0,2.964382246335796e-14,Heuristic
EvoLink,37,5,ILP,190.36077642061542,0.0820000171661377,0.0,Optimal
EvoLink,37,5,Greedy,228.52989367811387,0.0,20.0509358992953,Heuristic
EvoLink,37,5,LocalSearch,202.27990751237593,0.0009999275207519531,6.261337716665094,Heuristic
GEANT,37,1,ILP,9037.241929211836,0.06500005722045898,0.0,Optimal
GEANT,37,1,Greedy,9037.241929211836,0.0,0.0,Heuristic
GEANT,37,1,LocalSearch,9037.241929211836,0.0,0.0,Heuristic
GEANT,37,2,ILP,2968.772503989648,0.08500003814697266,0.0,Optimal
GEANT,37,2,Greedy,3560.1794352284783,0.0,19.920924572160896,Heuristic
GEANT,37,2,LocalSearch,2968.7725039896486,0.0,1.5317689390997195e-14,Heuristic
GEANT,37,3,ILP,1732.3672383139,0.08599996566772461,1.3125027443057233e-14,Optimal
GEANT,37,3,Greedy,2381.3009208495064,0.0,37.459360127775724,Heuristic
GEANT,37,3,LocalSearch,1732.3672383138999,0.0010001659393310547,0.0,Heuristic
GEANT,37,5,ILP,794.2621044364655,0.0690000057220459,1.4313516544047843e-14,Optimal
GEANT,37,5,Greedy,812.4975692784985,0.0,2.295900149355776,Heuristic
GEANT,37,5,LocalSearch,794.2621044364654,0.0,0.0,Heuristic
GRnet,37,1,ILP,2374.218013740436,0.07299995422363281,1.9153563331365572e-14,Optimal
GRnet,37,1,Greedy,2374.2180137404357,0.0,0.0,Heuristic
GRnet,37,1,LocalSearch,2374.218013740436,0.0,1.9153563331365572e-14,Heuristic
GRnet,37,2,ILP,858.6015705213792,0.0839998722076416,0.0,Optimal
GRnet,37,2,Greedy,858.6015705213792,0.0,0.0,Heuristic
GRnet,37,2,LocalSearch,858.6015705213794,0.0010001659393310547,1.3240930557881529e-14,Heuristic
GRnet,37,3,ILP,494.4860288699112,0.07999992370605469,1.1495454986001702e-14,Optimal
GRnet,37,3,Greedy,586.8580119955639,0.0,18.68040303115497,Heuristic
GRnet,37,3,LocalSearch,494.48602886991114,0.0,0.0,Heuristic
GRnet,37,5,ILP,238.92908101382733,0.07199978828430176,1.1895458397029195e-14,Optimal
GRnet,37,5,Greedy,238.92908101382733,0.0,1.1895458397029195e-14,Heuristic
GRnet,37,5,LocalSearch,238.9290810138273,0.0,0.0,Heuristic
IIJ,37,1,ILP,23079.645147151063,0.054000139236450195,1.5762715517923738e-14,Optimal
IIJ,37,1,Greedy,23079.64514715106,0.0,0.0,Heuristic
IIJ,37,1,LocalSearch,23079.645147151066,0.0,3.1525431035847475e-14,Heuristic
IIJ,37,2,ILP,6101.118975953943,0.08999991416931152,0.0,Optimal
IIJ,37,2,Greedy,6101.118975953943,0.0,0.0,Heuristic
IIJ,37,2,LocalSearch,6101.118975953944,0.0,1.4907014686280952e-14,Heuristic
IIJ,37,3,ILP,3570.393182313751,0.07800006866455078,0.0,Optimal
IIJ,37,3,Greedy,3570.393182313751,0.0,0.0,Heuristic
IIJ,37,3,LocalSearch,3570.393182313751,0.0,0.0,Heuristic
IIJ,37,5,ILP,1840.2625991442644,0.07800006866455078,2.4711003261052257e-14,Optimal
IIJ,37,5,Greedy,1842.063822069608,0.0,0.09787858136016273,Heuristic
IIJ,37,5,LocalSearch,1840.262599144264,0.002000093460083008,0.0,Heuristic
Myren,37,1,ILP,1064.9692070913204,0.04900002479553223,0.0,Optimal
Myren,37,1,Greedy,1064.9692070913206,0.0,2.135025819800393e-14,Heuristic
Myren,37,1,LocalSearch,1064.9692070913204,0.0,0.0,Heuristic
Myren,37,2,ILP,820.1164036571646,0.0989999771118164,0.0,Optimal
Myren,37,2,Greedy,820.1164036571646,0.0,0.0,Heuristic
Myren,37,2,LocalSearch,820.1164036571647,0.0,1.3862280673164153e-14,Heuristic
Myren,37,3,ILP,586.754385349722,0.11299991607666016,0.0,Optimal
Myren,37,3,Greedy,586.7543853497222,0.0,1.9375541207733027e-14,Heuristic
Myren,37,3,LocalSearch,586.754385349722,0.0009999275207519531,0.0,Heuristic
Myren,37,5,ILP,246.62781821605444,0.08299994468688965,0.0,Optimal
Myren,37,5,Greedy,262.1386463879935,0.0,6.289164087058115,Heuristic
Myren,37,5,LocalSearch,246.62781821605446,0.0010001659393310547,1.152412961197492e-14,Heuristic
Reuna,37,1,ILP,5933.26572931117,0.06399989128112793,0.0,Optimal
Reuna,37,1,Greedy,5933.26572931117,0.0,0.0,Heuristic
Reuna,37,1,LocalSearch,5933.26572931117,0.0,0.0,Heuristic
Reuna,37,2,ILP,3245.0512919275066,0.08899998664855957,1.401356434697067e-14,Optimal
Reuna,37,2,Greedy,3273.6903234167617,0.0,0.882544801695398,Heuristic
Reuna,37,2,LocalSearch,3245.051291927506,0.0,0.0,Heuristic
Reuna,37,3,ILP,1200.6226648258494,0.0820000171661377,0.0,Optimal
Reuna,37,3,Greedy,1200.6226648258494,0.0,0.0,Heuristic
Reuna,37,3,LocalSearch,1200.6226648258498,0.0010001659393310547,3.7875959217580264e-14,Heuristic
Reuna,37,5,ILP,389.7053420101523,0.0820000171661377,0.0,Optimal
Reuna,37,5,Greedy,428.7443637093432,0.0,10.017574174842554,Heuristic
Reuna,37,5,LocalSearch,389.7053420101523,0.0019998550415039062,0.0,Heuristic
KentMan,38,1,ILP,375.289918967387,0.0690000057220459,0.0,Optimal
KentMan,38,1,Greedy,375.28991896738705,0.0,1.5146534982131442e-14,Heuristic
KentMan,38,1,LocalSearch,375.28991896738705,0.0,1.5146534982131442e-14,Heuristic
KentMan,38,2,ILP,74.24928494786656,0.08099985122680664,1.9139382588236407e-14,Optimal
KentMan,38,2,Greedy,155.90304621636645,0.0,109.97245471903513,Heuristic
KentMan,38,2,LocalSearch,74.24928494786654,0.0009999275207519531,0.0,Heuristic
KentMan,38,3,ILP,45.19018697013717,0.0840001106262207,0.0,Optimal
KentMan,38,3,Greedy,65.58259602620296,0.0,45.12574614825475,Heuristic
KentMan,38,3,LocalSearch,45.19018697013717,0.0009999275207519531,0.0,Heuristic
KentMan,38,5,ILP,17.354816298887346,0.08300018310546875,4.094210641720563e-14,Optimal
KentMan,38,5,Greedy,19.072589350054265,0.0,9.897961589354633,Heuristic
KentMan,38,5,LocalSearch,17.35481629888734,0.0019998550415039062,0.0,Heuristic
PIONIER,38,1,ILP,2832.9681811880173,0.08599996566772461,1.6051975235943664e-14,Optimal
PIONIER,38,1,Greedy,2832.968181188017,0.0,0.0,Heuristic
PIONIER,38,1,LocalSearch,2832.968181188017,0.0,0.0,Heuristic
PIONIER,38,2,ILP,1238.3177728688072,0.09999990463256836,0.0,Optimal
PIONIER,38,2,Greedy,1693.093156844841,0.0,36.725256952620235,Heuristic
PIONIER,38,2,LocalSearch,1238.3177728688074,0.0010001659393310547,1.8361496574217465e-14,Heuristic
PIONIER,38,3,ILP,497.9181890932123,0.09299993515014648,0.0,Optimal
PIONIER,38,3,Greedy,554.5576363314094,0.0,11.375251693726337,Heuristic
PIONIER,38,3,LocalSearch,497.9181890932123,0.0009999275207519531,0.0,Heuristic
PIONIER,38,5,ILP,180.11523810567206,0.10700011253356934,1.5779736200736796e-14,Optimal
PIONIER,38,5,Greedy,300.4628981886104,0.0,66.81703411031299,Heuristic
PIONIER,38,5,LocalSearch,180.11523810567203,0.002000093460083008,0.0,Heuristic
CESNET,39,1,ILP,1539.4330263462516,0.09000015258789062,1.4769962158268706e-14,Optimal
CESNET,39,1,Greedy,1539.4330263462516,0.0,1.4769962158268706e-14,Heuristic
CESNET,39,1,LocalSearch,1539.4330263462514,0.0,0.0,Heuristic
CESNET,39,2,ILP,497.0851702194609,0.10399985313415527,0.0,Optimal
CESNET,39,2,Greedy,630.0611566129761,0.0,26.75114736068406,Heuristic
CESNET,39,2,LocalSearch,497.08517021946096,0.0010001659393310547,1.1435347957717568e-14,Heuristic
CESNET,39,3,ILP,316.4788879762115,0.12099981307983398,1.7961204055128226e-14,Optimal
CESNET,39,3,Greedy,338.0708625715079,0.0,6.822563973657364,Heuristic
CESNET,39,3,LocalSearch,316.47888797621147,0.0009999275207519531,0.0,Heuristic
CESNET,39,5,ILP,90.21175187542943,0.13199996948242188,0.0,Optimal
CESNET,39,5,Greedy,90.21175187542944,0.0,1.5752775464138337e-14,Heuristic
CESNET,39,5,LocalSearch,90.21175187542944,0.0010001659393310547,1.5752775464138337e-14,Heuristic
CESNET,39,1,ILP,1539.4330263462516,0.09099984169006348,1.4769962158268706e-14,Optimal
CESNET,39,1,Greedy,1539.4330263462516,0.0,1.4769962158268706e-14,Heuristic
CESNET,39,1,LocalSearch,1539.4330263462514,0.0,0.0,Heuristic
CESNET,39,2,ILP,497.0851702194609,0.12099981307983398,0.0,Optimal
CESNET,39,2,Greedy,630.0611566129761,0.0,26.75114736068406,Heuristic
CESNET,39,2,LocalSearch,497.08517021946096,0.0009999275207519531,1.1435347957717568e-14,Heuristic
CESNET,39,3,ILP,316.4788879762115,0.14100003242492676,1.7961204055128226e-14,Optimal
CESNET,39,3,Greedy,338.0708625715079,0.0,6.822563973657364,Heuristic
CESNET,39,3,LocalSearch,316.47888797621147,0.0,0.0,Heuristic
CESNET,39,5,ILP,90.21175187542943,0.14399981498718262,0.0,Optimal
CESNET,39,5,Greedy,90.21175187542944,0.0,1.5752775464138337e-14,Heuristic
CESNET,39,5,LocalSearch,90.21175187542944,0.0019998550415039062,1.5752775464138337e-14,Heuristic
Deutsche Telekom ,39,1,ILP,0.0,0.13900017738342285,0.0,Optimal
Deutsche Telekom ,39,1,Greedy,0.0,0.0,0.0,Heuristic
Deutsche Telekom ,39,1,LocalSearch,0.0,0.0,0.0,Heuristic
Deutsche Telekom ,39,2,ILP,0.0,0.17300009727478027,0.0,Optimal
Deutsche Telekom ,39,2,Greedy,0.0,0.0,0.0,Heuristic
Deutsche Telekom ,39,2,LocalSearch,0.0,0.0,0.0,Heuristic
Deutsche Telekom ,39,3,ILP,0.0,0.15799999237060547,0.0,Optimal
Deutsche Telekom ,39,3,Greedy,0.0,0.0,0.0,Heuristic
Deutsche Telekom ,39,3,LocalSearch,0.0,0.0009999275207519531,0.0,Heuristic
Deutsche Telekom ,39,5,ILP,0.0,0.14400005340576172,0.0,Optimal
Deutsche Telekom ,39,5,Greedy,0.0,0.0,0.0,Heuristic
Deutsche Telekom ,39,5,LocalSearch,0.0,0.0009999275207519531,0.0,Heuristic
ValleyNet,39,1,ILP,3568.9255402496087,0.11400008201599121,0.0,Optimal
ValleyNet,39,1,Greedy,3568.9255402496087,0.0,0.0,Heuristic
ValleyNet,39,1,LocalSearch,3568.9255402496087,0.002000093460083008,0.0,Heuristic
ValleyNet,39,2,ILP,683.2461877255629,0.17199993133544922,0.0,Optimal
ValleyNet,39,2,Greedy,1570.934731832223,0.0,129.92220960085544,Heuristic
ValleyNet,39,2,LocalSearch,683.2461877255629,0.0,0.0,Heuristic
ValleyNet,39,3,ILP,280.1027370001209,0.12400007247924805,4.0587549746637075e-14,Optimal
ValleyNet,39,3,Greedy,622.0512117160063,0.0,122.07966204762148,Heuristic
ValleyNet,39,3,LocalSearch,280.1027370001208,0.0009999275207519531,0.0,Heuristic
ValleyNet,39,5,ILP,63.63356446653716,0.10400009155273438,0.0,Optimal
ValleyNet,39,5,Greedy,67.70730492801852,0.0,6.401873752685354,Heuristic
ValleyNet,39,5,LocalSearch,63.633564466537166,0.002000093460083008,1.1166162727435326e-14,Heuristic
GEANT,40,1,ILP,7538.954888484588,0.0969998836517334,2.4127872237626474e-14,Optimal
GEANT,40,1,Greedy,7538.954888484588,0.0,2.4127872237626474e-14,Heuristic
GEANT,40,1,LocalSearch,7538.954888484586,0.002000093460083008,0.0,Heuristic
GEANT,40,2,ILP,3351.3478120634118,0.1119999885559082,1.3569088509690613e-14,Optimal
GEANT,40,2,Greedy,5011.623391871645,0.0,49.54053332906706,Heuristic
GEANT,40,2,LocalSearch,3351.3478120634113,0.0010001659393310547,0.0,Heuristic
GEANT,40,3,ILP,2150.977053016685,0.11399984359741211,0.0,Optimal
GEANT,40,3,Greedy,2544.4446615784086,0.0,18.292506096701313,Heuristic
GEANT,40,3,LocalSearch,2150.977053016685,0.0010001659393310547,0.0,Heuristic
GEANT,40,5,ILP,353.2156811783481,0.1269998550415039,1.6093118706161364e-14,Optimal
GEANT,40,5,Greedy,903.2027424006067,0.0,155.70856293454182,Heuristic
GEANT,40,5,LocalSearch,353.21568117834806,0.0019998550415039062,0.0,Heuristic
Cernet,41,1,ILP,4108.776769343439,0.09799981117248535,0.0,Optimal
Cernet,41,1,Greedy,4108.776769343439,0.0,0.0,Heuristic
Cernet,41,1,LocalSearch,4108.776769343439,0.0,0.0,Heuristic
Cernet,41,2,ILP,2197.6324149236425,0.11699986457824707,0.0,Optimal
Cernet,41,2,Greedy,2429.7788708500457,0.0,10.563479786243924,Heuristic
Cernet,41,2,LocalSearch,2197.6324149236425,0.0010001659393310547,0.0,Heuristic
Cernet,41,3,ILP,1549.578746664448,0.09599995613098145,0.0,Optimal
Cernet,41,3,Greedy,1626.3395703437352,0.0,4.953657492045431,Heuristic
Cernet,41,3,LocalSearch,1549.578746664448,0.0,0.0,Heuristic
Cernet,41,5,ILP,524.8561350417467,0.11600017547607422,0.0,Optimal
Cernet,41,5,Greedy,524.8561350417468,0.0,2.16605713702048e-14,Heuristic
Cernet,41,5,LocalSearch,524.8561350417467,0.002000093460083008,0.0,Heuristic
China Telecom ,42,1,ILP,9140.661651966668,0.07999992370605469,0.0,Optimal
China Telecom ,42,1,Greedy,9140.66165196667,0.0,1.989997521847327e-14,Heuristic
China Telecom ,42,1,LocalSearch,9140.66165196667,0.0,1.989997521847327e-14,Heuristic
China Telecom ,42,2,ILP,4983.683904769867,0.10099983215332031,0.0,Optimal
China Telecom ,42,2,Greedy,5323.80824266324,0.0,6.824757436318168,Heuristic
China Telecom ,42,2,LocalSearch,4983.683904769867,0.0010001659393310547,0.0,Heuristic
China Telecom ,42,3,ILP,2539.2797097918183,0.08800005912780762,3.5817034975146284e-14,Optimal
China Telecom ,42,3,Greedy,3622.1311891174046,0.0,42.644040951847906,Heuristic
China Telecom ,42,3,LocalSearch,2539.2797097918174,0.0019998550415039062,0.0,Heuristic
China Telecom ,42,5,ILP,1124.6316241404606,0.07999992370605469,0.0,Optimal
China Telecom ,42,5,Greedy,1692.6032204354838,0.0,50.50290104807567,Heuristic
China Telecom ,42,5,LocalSearch,1124.6316241404606,0.002000093460083008,0.0,Heuristic
Lambdanet ,42,1,ILP,2410.7189671459214,0.07299995422363281,0.0,Optimal
Lambdanet ,42,1,Greedy,2410.718967145922,0.0,1.8863557182894897e-14,Heuristic
Lambdanet ,42,1,LocalSearch,2410.7189671459228,0.0,5.659067154868469e-14,Heuristic
Lambdanet ,42,2,ILP,1042.50113218688,0.1100001335144043,0.0,Optimal
Lambdanet ,42,2,Greedy,1202.0655715023947,0.0,15.305924798450087,Heuristic
Lambdanet ,42,2,LocalSearch,1042.50113218688,0.0,0.0,Heuristic
Lambdanet ,42,3,ILP,79.01457996152133,0.10100007057189941,0.0,Optimal
Lambdanet ,42,3,Greedy,226.87861999940063,0.0,187.13513393336572,Heuristic
Lambdanet ,42,3,LocalSearch,79.01457996152136,0.0,3.59702088453104e-14,Heuristic
Lambdanet ,42,5,ILP,17.447132966091576,0.0989999771118164,0.0,Optimal
Lambdanet ,42,5,Greedy,32.10909444261562,0.0,84.03650906438038,Heuristic
Lambdanet ,42,5,LocalSearch,17.447132966091576,0.0,0.0,Heuristic
RoEduNet,42,1,ILP,3028.5588939856143,0.11400008201599121,0.0,Optimal
RoEduNet,42,1,Greedy,3028.5588939856148,0.0,1.5015304862967747e-14,Heuristic
RoEduNet,42,1,LocalSearch,3028.5588939856148,0.0,1.5015304862967747e-14,Heuristic
RoEduNet,42,2,ILP,1398.8158987091351,0.13100004196166992,0.0,Optimal
RoEduNet,42,2,Greedy,1398.8158987091351,0.0,0.0,Heuristic
RoEduNet,42,2,LocalSearch,1398.8158987091351,0.0,0.0,Heuristic
RoEduNet,42,3,ILP,667.3756611814197,0.10500001907348633,0.0,Optimal
RoEduNet,42,3,Greedy,913.9508766182073,0.0,36.946989496183996,Heuristic
RoEduNet,42,3,LocalSearch,667.3756611814197,0.0009999275207519531,0.0,Heuristic
RoEduNet,42,5,ILP,223.29993229917363,0.10300016403198242,0.0,Optimal
RoEduNet,42,5,Greedy,242.97548796170747,0.0,8.811268082326531,Heuristic
RoEduNet,42,5,LocalSearch,223.29993229917363,0.003000020980834961,0.0,Heuristic
SWITCH,42,1,ILP,1037.778845031038,0.07899999618530273,0.0,Optimal
SWITCH,42,1,Greedy,1037.7788450310381,0.0,2.1909646407990882e-14,Heuristic
SWITCH,42,1,LocalSearch,1037.7788450310381,0.0,2.1909646407990882e-14,Heuristic
SWITCH,42,2,ILP,202.75308859187496,0.09200000762939453,0.0,Optimal
SWITCH,42,2,Greedy,202.75308859187496,0.0,0.0,Heuristic
SWITCH,42,2,LocalSearch,202.75308859187504,0.0,4.205367665833373e-14,Heuristic
SWITCH,42,3,ILP,148.17787913947438,0.09400010108947754,0.0,Optimal
SWITCH,42,3,Greedy,148.1778791394744,0.0,1.9180804581263913e-14,Heuristic
SWITCH,42,3,LocalSearch,148.17787913947444,0.0,3.8361609162527827e-14,Heuristic
SWITCH,42,5,ILP,92.3520891655293,0.09400010108947754,1.5387691652249325e-14,Optimal
SWITCH,42,5,Greedy,92.35208916552929,0.0,0.0,Heuristic
SWITCH,42,5,LocalSearch,92.35208916552929,0.002000093460083008,0.0,Heuristic
LITNET,43,1,ILP,2190.0925681243625,0.08800005912780762,0.0,Optimal
LITNET,43,1,Greedy,2190.0925681243625,0.0,0.0,Heuristic
LITNET,43,1,LocalSearch,2190.0925681243625,0.0009999275207519531,0.0,Heuristic
LITNET,43,2,ILP,507.47042699670715,0.10399985313415527,0.0,Optimal
LITNET,43,2,Greedy,507.47042699670715,0.0,0.0,Heuristic
LITNET,43,2,LocalSearch,507.47042699670715,0.0010001659393310547,0.0,Heuristic
LITNET,43,3,ILP,266.0157269371606,0.10899996757507324,2.1368442954591113e-14,Optimal
LITNET,43,3,Greedy,266.01572693716054,0.0,0.0,Heuristic
LITNET,43,3,LocalSearch,266.01572693716054,0.0009999275207519531,0.0,Heuristic
LITNET,43,5,ILP,35.25971925397244,0.0970001220703125,2.0151684437477448e-14,Optimal
LITNET,43,5,Greedy,35.25971925397244,0.0,2.0151684437477448e-14,Heuristic
LITNET,43,5,LocalSearch,35.259719253972435,0.0010001659393310547,0.0,Heuristic
Renater,43,1,ILP,1966.747422990029,0.08099985122680664,0.0,Optimal
Renater,43,1,Greedy,1966.747422990029,0.0,0.0,Heuristic
Renater,43,1,LocalSearch,1966.7474229900292,0.0,1.1560898607791632e-14,Heuristic
Renater,43,2,ILP,544.6829539860864,0.13499999046325684,4.17442245583915e-14,Optimal
Renater,43,2,Greedy,699.037225679372,0.0,28.338370158950987,Heuristic
Renater,43,2,LocalSearch,544.6829539860862,0.0,0.0,Heuristic
Renater,43,3,ILP,262.8877869619397,0.10199999809265137,0.0,Optimal
Renater,43,3,Greedy,262.88778696193975,0.0,2.1622692905485822e-14,Heuristic
Renater,43,3,LocalSearch,262.8877869619397,0.0,0.0,Heuristic
Renater,43,5,ILP,93.27937700118348,0.09500002861022949,0.0,Optimal
Renater,43,5,Greedy,93.27937700118348,0.0010001659393310547,0.0,Heuristic
Renater,43,5,LocalSearch,93.27937700118348,0.0009999275207519531,0.0,Heuristic
SANET,43,1,ILP,1370.6189197511153,0.08599996566772461,0.0,Optimal
SANET,43,1,Greedy,1370.6189197511153,0.0,0.0,Heuristic
SANET,43,1,LocalSearch,1370.6189197511155,0.0,1.6589124239180927e-14,Heuristic
SANET,43,2,ILP,494.23754741895385,0.0989999771118164,0.0,Optimal
SANET,43,2,Greedy,744.4792084624655,0.0,50.6318595886418,Heuristic
SANET,43,2,LocalSearch,494.2375474189539,0.0,1.1501234407960339e-14,Heuristic
SANET,43,3,ILP,310.91081972146685,0.0969998836517334,3.6565738633175835e-14,Optimal
SANET,43,3,Greedy,443.11076104500086,0.0,42.52021252974311,Heuristic
SANET,43,3,LocalSearch,310.91081972146674,0.0010001659393310547,0.0,Heuristic
SANET,43,5,ILP,147.4307527027877,0.10099983215332031,0.0,Optimal
SANET,43,5,Greedy,226.15195905064542,0.0,53.39537708700122,Heuristic
SANET,43,5,LocalSearch,147.43075270278771,0.0019998550415039062,1.9278006053255804e-14,Heuristic
Carnet,44,1,ILP,1831.9166753979544,0.0989999771118164,1.2411791349289334e-14,Optimal
Carnet,44,1,Greedy,1831.9166753979544,0.0,1.2411791349289334e-14,Heuristic
Carnet,44,1,LocalSearch,1831.9166753979541,0.0,0.0,Heuristic
Carnet,44,2,ILP,637.1614645958048,0.09300017356872559,0.0,Optimal
Carnet,44,2,Greedy,637.1614645958048,0.0,0.0,Heuristic
Carnet,44,2,LocalSearch,637.1614645958049,0.0,1.784270456370669e-14,Heuristic
Carnet,44,3,ILP,337.4766394189814,0.1100001335144043,0.0,Optimal
Carnet,44,3,Greedy,337.4766394189814,0.0,0.0,Heuristic
Carnet,44,3,LocalSearch,337.4766394189814,0.0009999275207519531,0.0,Heuristic
Carnet,44,5,ILP,35.23319750904628,0.10500001907348633,0.0,Optimal
Carnet,44,5,Greedy,35.233197509046285,0.0,2.016685359248661e-14,Heuristic
Carnet,44,5,LocalSearch,35.23319750904629,0.0009999275207519531,4.033370718497322e-14,Heuristic
CESNET,44,1,ILP,1691.1318506994753,0.11599993705749512,1.34450590206309e-14,Optimal
CESNET,44,1,Greedy,1691.131850699475,0.0,0.0,Heuristic
CESNET,44,1,LocalSearch,1691.131850699475,0.0,0.0,Heuristic
CESNET,44,2,ILP,336.07227525115786,0.10399985313415527,0.0,Optimal
CESNET,44,2,Greedy,588.212626396731,0.0,75.02563279197618,Heuristic
CESNET,44,2,LocalSearch,336.0722752511579,0.0,1.691404589037494e-14,Heuristic
CESNET,44,3,ILP,223.54541024195754,0.09999990463256836,0.0,Optimal
CESNET,44,3,Greedy,224.84012243989403,0.0,0.5791718991390343,Heuristic
CESNET,44,3,LocalSearch,223.54541024195757,0.0010001659393310547,1.2714065298697642e-14,Heuristic
CESNET,44,5,ILP,90.36936454732083,0.09499979019165039,1.572530114202658e-14,Optimal
CESNET,44,5,Greedy,118.38551194141071,0.0,31.001819625963602,Heuristic
CESNET,44,5,LocalSearch,90.36936454732081,0.0019998550415039062,0.0,Heuristic
PalmettoNet ,45,1,ILP,3485.215176874164,0.09100008010864258,1.3047898847218956e-14,Optimal
PalmettoNet ,45,1,Greedy,3485.215176874164,0.0,1.3047898847218956e-14,Heuristic
PalmettoNet ,45,1,LocalSearch,3485.2151768741637,0.0,0.0,Heuristic
PalmettoNet ,45,2,ILP,1036.2393938443306,0.12099981307983398,4.388439134700363e-14,Optimal
PalmettoNet ,45,2,Greedy,1062.7061298132205,0.0,2.5541140518410312,Heuristic
PalmettoNet ,45,2,LocalSearch,1036.2393938443302,0.0010001659393310547,0.0,Heuristic
PalmettoNet ,45,3,ILP,111.3520907199459,0.1099998950958252,1.2762090611251084e-14,Optimal
PalmettoNet ,45,3,Greedy,173.1440810790001,0.0,55.49243840824063,Heuristic
PalmettoNet ,45,3,LocalSearch,111.35209071994589,0.0010001659393310547,0.0,Heuristic
PalmettoNet ,45,5,ILP,0.0,0.1119999885559082,0.0,Optimal
PalmettoNet ,45,5,Greedy,0.0,0.0,0.0,Heuristic
PalmettoNet ,45,5,LocalSearch,0.0,0.0009999275207519531,0.0,Heuristic
NTT,47,1,ILP,0.0,0.10500001907348633,0.0,Optimal
NTT,47,1,Greedy,0.0,0.0,0.0,Heuristic
NTT,47,1,LocalSearch,0.0,0.0,0.0,Heuristic
NTT,47,2,ILP,0.0,0.14499998092651367,0.0,Optimal
NTT,47,2,Greedy,0.0,0.0,0.0,Heuristic
NTT,47,2,LocalSearch,0.0,0.0010001659393310547,0.0,Heuristic
NTT,47,3,ILP,0.0,0.12999987602233887,0.0,Optimal
NTT,47,3,Greedy,0.0,0.0,0.0,Heuristic
NTT,47,3,LocalSearch,0.0,0.0,0.0,Heuristic
NTT,47,5,ILP,0.0,0.1380000114440918,0.0,Optimal
NTT,47,5,Greedy,0.0,0.0,0.0,Heuristic
NTT,47,5,LocalSearch,0.0,0.0,0.0,Heuristic
Bell Canada,48,1,ILP,25483.803954488973,0.10500001907348633,1.427565058022228e-14,Optimal
Bell Canada,48,1,Greedy,25483.80395448897,0.0,0.0,Heuristic
Bell Canada,48,1,LocalSearch,25483.803954488973,0.0,1.427565058022228e-14,Heuristic
Bell Canada,48,2,ILP,2726.8090270224025,0.12199997901916504,0.0,Optimal
Bell Canada,48,2,Greedy,2958.9804093383905,0.0,8.51439833208681,Heuristic
Bell Canada,48,2,LocalSearch,2726.8090270224025,0.0,0.0,Heuristic
Bell Canada,48,3,ILP,492.3494513222418,0.125,0.0,Optimal
Bell Canada,48,3,Greedy,904.7259092167245,0.0,83.7568635015261,Heuristic
Bell Canada,48,3,LocalSearch,492.3494513222418,0.0,0.0,Heuristic
Bell Canada,48,5,ILP,153.06057904275514,0.11500000953674316,0.0,Optimal
Bell Canada,48,5,Greedy,153.06057904275514,0.0,0.0,Heuristic
Bell Canada,48,5,LocalSearch,153.06057904275514,0.003000020980834961,0.0,Heuristic
NTELOS ,48,1,ILP,0.0,0.11400008201599121,0.0,Optimal
NTELOS ,48,1,Greedy,0.0,0.0,0.0,Heuristic
NTELOS ,48,1,LocalSearch,0.0,0.0,0.0,Heuristic
NTELOS ,48,2,ILP,0.0,0.11899995803833008,0.0,Optimal
NTELOS ,48,2,Greedy,0.0,0.0,0.0,Heuristic
NTELOS ,48,2,LocalSearch,0.0,0.0,0.0,Heuristic
NTELOS ,48,3,ILP,0.0,0.11800003051757812,0.0,Optimal
NTELOS ,48,3,Greedy,0.0,0.0,0.0,Heuristic
NTELOS ,48,3,LocalSearch,0.0,0.0,0.0,Heuristic
NTELOS ,48,5,ILP,0.0,0.1789999008178711,0.0,Optimal
NTELOS ,48,5,Greedy,0.0,0.0,0.0,Heuristic
NTELOS ,48,5,LocalSearch,0.0,0.0,0.0,Heuristic
RoEduNet,48,1,ILP,3316.527426157257,0.1789999008178711,1.3711551042813591e-14,Optimal
RoEduNet,48,1,Greedy,3316.5274261572567,0.0,0.0,Heuristic
RoEduNet,48,1,LocalSearch,3316.5274261572567,0.0,0.0,Heuristic
RoEduNet,48,2,ILP,1493.6090016887551,0.2999999523162842,0.0,Optimal
RoEduNet,48,2,Greedy,1649.1654561991236,0.0,10.41480429848025,Heuristic
RoEduNet,48,2,LocalSearch,1493.6090016887554,0.0009999275207519531,1.5223105590964643e-14,Heuristic
RoEduNet,48,3,ILP,816.6378504990317,0.24099993705749512,1.392132848754735e-14,Optimal
RoEduNet,48,3,Greedy,827.0253086404756,0.0,1.2719785318665302,Heuristic
RoEduNet,48,3,LocalSearch,816.6378504990316,0.0009999275207519531,0.0,Heuristic
RoEduNet,48,5,ILP,416.1486541997267,0.20000004768371582,1.3659402304236829e-14,Optimal
RoEduNet,48,5,Greedy,466.3725413785734,0.0,12.068737138037756,Heuristic
RoEduNet,48,5,LocalSearch,416.14865419972665,0.006000041961669922,0.0,Heuristic
UUNET,49,1,ILP,16425.631252310268,0.21199989318847656,0.0,Optimal
UUNET,49,1,Greedy,16425.631252310268,0.0,0.0,Heuristic
UUNET,49,1,LocalSearch,16425.631252310268,0.0,0.0,Heuristic
UUNET,49,2,ILP,3819.7251075637214,0.21300005912780762,0.0,Optimal
UUNET,49,2,Greedy,3963.7086754618194,0.0,3.769474604677323,Heuristic
UUNET,49,2,LocalSearch,3819.7251075637214,0.0,0.0,Heuristic
UUNET,49,3,ILP,2636.018803798216,0.2370002269744873,0.0,Optimal
UUNET,49,3,Greedy,2636.018803798216,0.0,0.0,Heuristic
UUNET,49,3,LocalSearch,2636.018803798216,0.0009999275207519531,0.0,Heuristic
UUNET,49,5,ILP,1235.5886027415802,0.5429999828338623,0.0,Optimal
UUNET,49,5,Greedy,1364.6659343883155,0.0,10.446626924231303,Heuristic
UUNET,49,5,LocalSearch,1235.5886027415822,0.003999948501586914,1.6561848130101922e-13,Heuristic
SURFNET,50,1,ILP,1026.981607046492,0.17599987983703613,0.0,Optimal
SURFNET,50,1,Greedy,1026.981607046492,0.0,0.0,Heuristic
SURFNET,50,1,LocalSearch,1026.981607046492,0.0,0.0,Heuristic
SURFNET,50,2,ILP,121.50668706781151,0.19499993324279785,1.1695533026319026e-14,Optimal
SURFNET,50,2,Greedy,121.5066870678115,0.0,0.0,Heuristic
SURFNET,50,2,LocalSearch,121.50668706781151,0.0,1.1695533026319026e-14,Heuristic
SURFNET,50,3,ILP,24.47396357137008,0.2070000171661377,0.0,Optimal
SURFNET,50,3,Greedy,24.47396357137008,0.0,0.0,Heuristic
SURFNET,50,3,LocalSearch,24.47396357137008,0.003000020980834961,0.0,Heuristic
SURFNET,50,5,ILP,0.0,0.2369999885559082,0.0,Optimal
SURFNET,50,5,Greedy,0.0,0.0,0.0,Heuristic
SURFNET,50,5,LocalSearch,0.0,0.002000093460083008,0.0,Heuristic
Bell South ,51,1,ILP,5936.06024713257,0.20199990272521973,1.5321520737803532e-14,Optimal
Bell South ,51,1,Greedy,5936.06024713257,0.0,1.5321520737803532e-14,Heuristic
Bell South ,51,1,LocalSearch,5936.060247132569,0.0,0.0,Heuristic
Bell South ,51,2,ILP,2854.568812582105,0.20199990272521973,4.779152797600159e-14,Optimal
Bell South ,51,2,Greedy,2941.5646615080464,0.0,3.04760034308827,Heuristic
Bell South ,51,2,LocalSearch,2854.5688125821034,0.0,0.0,Heuristic
Bell South ,51,3,ILP,1903.6243620703103,0.19000005722045898,0.0,Optimal
Bell South ,51,3,Greedy,1955.3427596857057,0.0,2.7168383976315775,Heuristic
Bell South ,51,3,LocalSearch,1903.6243620703103,0.003999948501586914,0.0,Heuristic
Bell South ,51,5,ILP,709.6695562262533,0.17500019073486328,0.0,Optimal
Bell South ,51,5,Greedy,719.8905976154175,0.0,1.4402536081039856,Heuristic
Bell South ,51,5,LocalSearch,709.6695562262535,0.003000020980834961,1.601968644761351e-14,Heuristic
BT Latin America,51,1,ILP,0.0,0.18200016021728516,0.0,Optimal
BT Latin America,51,1,Greedy,0.0,0.0,0.0,Heuristic
BT Latin America,51,1,LocalSearch,0.0,0.0,0.0,Heuristic
BT Latin America,51,2,ILP,0.0,0.19700002670288086,0.0,Optimal
BT Latin America,51,2,Greedy,0.0,0.0,0.0,Heuristic
BT Latin America,51,2,LocalSearch,0.0,0.0,0.0,Heuristic
BT Latin America,51,3,ILP,0.0,0.1679999828338623,0.0,Optimal
BT Latin America,51,3,Greedy,0.0,0.0,0.0,Heuristic
BT Latin America,51,3,LocalSearch,0.0,0.0009999275207519531,0.0,Heuristic
BT Latin America,51,5,ILP,0.0,0.15199995040893555,0.0,Optimal
BT Latin America,51,5,Greedy,0.0,0.0,0.0,Heuristic
BT Latin America,51,5,LocalSearch,0.0,0.0,0.0,Heuristic
CUDI,51,1,ILP,331.8556697559554,0.17599987983703613,1.712895817106585e-14,Optimal
CUDI,51,1,Greedy,331.8556697559553,0.0,0.0,Heuristic
CUDI,51,1,LocalSearch,331.8556697559553,0.0,0.0,Heuristic
CUDI,51,2,ILP,99.24256446288081,0.1940000057220459,1.431931429030859e-14,Optimal
CUDI,51,2,Greedy,101.46783456275524,0.0,2.2422537264308167,Heuristic
CUDI,51,2,LocalSearch,99.2425644628808,0.0010001659393310547,0.0,Heuristic
CUDI,51,3,ILP,60.23001875262071,0.16299986839294434,0.0,Optimal
CUDI,51,3,Greedy,63.037537464047766,0.0,4.661327971618634,Heuristic
CUDI,51,3,LocalSearch,60.23001875262073,0.0,3.539145846916327e-14,Heuristic
CUDI,51,5,ILP,22.415418772156617,0.15000009536743164,0.0,Optimal
CUDI,51,5,Greedy,29.454294508086793,0.0,31.40193724452535,Heuristic
CUDI,51,5,LocalSearch,22.41541877215662,0.003000020980834961,1.5849419165050424e-14,Heuristic
IRIS Networks ,51,1,ILP,3288.1277729443327,0.1660001277923584,0.0,Optimal
IRIS Networks ,51,1,Greedy,3288.127772944333,0.0,1.3829978099642507e-14,Heuristic
IRIS Networks ,51,1,LocalSearch,3288.1277729443327,0.0,0.0,Heuristic
IRIS Networks ,51,2,ILP,654.8595932818048,0.17199993133544922,1.736049053689183e-14,Optimal
IRIS Networks ,51,2,Greedy,1040.3543744222902,0.0,58.86678382591796,Heuristic
IRIS Networks ,51,2,LocalSearch,654.8595932818047,0.0,0.0,Heuristic
IRIS Networks ,51,3,ILP,234.6787234083682,0.17299985885620117,1.2110901669150015e-14,Optimal
IRIS Networks ,51,3,Greedy,482.1186020475008,0.0,105.43771290614983,Heuristic
IRIS Networks ,51,3,LocalSearch,234.67872340836817,0.0,0.0,Heuristic
IRIS Networks ,51,5,ILP,64.90110339209262,0.13899993896484375,0.0,Optimal
IRIS Networks ,51,5,Greedy,107.28512722058463,0.0,65.30555200646398,Heuristic
IRIS Networks ,51,5,LocalSearch,64.90110339209262,0.0010001659393310547,0.0,Heuristic
CESNET,52,1,ILP,1921.2687143338735,0.14800000190734863,0.0,Optimal
CESNET,52,1,Greedy,1921.2687143338735,0.0,0.0,Heuristic
CESNET,52,1,LocalSearch,1921.2687143338737,0.0,1.1834558786435306e-14,Heuristic
CESNET,52,2,ILP,509.7499687612062,0.15799999237060547,0.0,Optimal
CESNET,52,2,Greedy,574.2500040114553,0.0,12.65326909327665,Heuristic
CESNET,52,2,LocalSearch,509.7499687612064,0.0,3.345370613692169e-14,Heuristic
CESNET,52,3,ILP,351.93054048777833,0.16000008583068848,1.6151885761895693e-14,Optimal
CESNET,52,3,Greedy,384.91135834461244,0.0,9.371399768580048,Heuristic
CESNET,52,3,LocalSearch,351.9305404877783,0.0,0.0,Heuristic
CESNET,52,5,ILP,128.30717722755907,0.14400005340576172,4.43026026205794e-14,Optimal
CESNET,52,5,Greedy,216.12870981295288,0.0,68.4463133575436,Heuristic
CESNET,52,5,LocalSearch,128.307177227559,0.003000020980834961,0.0,Heuristic
BTN ,53,1,ILP,23371.023078421676,0.17399978637695312,1.5566194063838983e-14,Optimal
BTN ,53,1,Greedy,23371.023078421673,0.0,0.0,Heuristic
BTN ,53,1,LocalSearch,23371.023078421673,0.0,0.0,Heuristic
BTN ,53,2,ILP,5746.0298691473745,0.14499998092651367,0.0,Optimal
BTN ,53,2,Greedy,5746.029869147375,0.0,1.582822788054674e-14,Heuristic
BTN ,53,2,LocalSearch,5746.029869147376,0.0,3.165645576109348e-14,Heuristic
BTN ,53,3,ILP,3750.8422153492484,0.14599990844726562,0.0,Optimal
BTN ,53,3,Greedy,4310.377115551868,0.0,14.917580321371108,Heuristic
BTN ,53,3,LocalSearch,3750.842215349249,0.002000093460083008,1.2123873113764709e-14,Heuristic
BTN ,53,5,ILP,2159.239104676583,0.13199996948242188,0.0,Optimal
BTN ,53,5,Greedy,2190.194295369871,0.0,1.4336156948178507,Heuristic
BTN ,53,5,LocalSearch,2159.239104676583,0.0,0.0,Heuristic
Tinet,53,1,ILP,111638.70311017269,0.1510000228881836,0.0,Optimal
Tinet,53,1,Greedy,111638.70311017269,0.0,0.0,Heuristic
Tinet,53,1,LocalSearch,111638.70311017269,0.0,0.0,Heuristic
Tinet,53,2,ILP,8849.662319472958,0.1360001564025879,0.0,Optimal
Tinet,53,2,Greedy,10966.857997018094,0.0,23.924027845519262,Heuristic
Tinet,53,2,LocalSearch,8849.66231947296,0.0,2.0554336853546594e-14,Heuristic
Tinet,53,3,ILP,2475.4260556886284,0.18200016021728516,0.0,Optimal
Tinet,53,3,Greedy,4633.618395907575,0.0,87.1846822190198,Heuristic
Tinet,53,3,LocalSearch,2475.4260556886284,0.0009999275207519531,0.0,Heuristic
Tinet,53,5,ILP,518.374574729839,0.17600011825561523,0.0,Optimal
Tinet,53,5,Greedy,518.374574729839,0.0,0.0,Heuristic
Tinet,53,5,LocalSearch,518.374574729839,0.0009999275207519531,0.0,Heuristic
GARR,54,1,ILP,4822.990696395571,0.16899991035461426,0.0,Optimal
GARR,54,1,Greedy,4822.990696395571,0.0,0.0,Heuristic
GARR,54,1,LocalSearch,4822.990696395573,0.0,3.7714968119371776e-14,Heuristic
GARR,54,2,ILP,1418.856876137352,0.1679999828338623,3.205026232980264e-14,Optimal
GARR,54,2,Greedy,2877.0945128257345,0.0,102.77552734270425,Heuristic
GARR,54,2,LocalSearch,1418.8568761373515,0.0,0.0,Heuristic
GARR,54,3,ILP,960.7455362911885,0.15599989891052246,1.183318927095792e-14,Optimal
GARR,54,3,Greedy,1111.2110919887573,0.0,15.661332789368789,Heuristic
GARR,54,3,LocalSearch,960.7455362911884,0.0010001659393310547,0.0,Heuristic
GARR,54,5,ILP,322.27439651376153,0.14299988746643066,0.0,Optimal
GARR,54,5,Greedy,485.3483384047868,0.0,50.6009610614729,Heuristic
GARR,54,5,LocalSearch,322.27439651376153,0.0,0.0,Heuristic
GARR,54,1,ILP,4822.990696395571,0.18200016021728516,0.0,Optimal
GARR,54,1,Greedy,4822.990696395571,0.0,0.0,Heuristic
GARR,54,1,LocalSearch,4822.990696395573,0.0,3.7714968119371776e-14,Heuristic
GARR,54,2,ILP,1418.856876137352,0.15000009536743164,3.205026232980264e-14,Optimal
GARR,54,2,Greedy,2877.0945128257345,0.0,102.77552734270425,Heuristic
GARR,54,2,LocalSearch,1418.8568761373515,0.0,0.0,Heuristic
GARR,54,3,ILP,960.7455362911885,0.14999985694885254,1.183318927095792e-14,Optimal
GARR,54,3,Greedy,1111.2110919887573,0.0,15.661332789368789,Heuristic
GARR,54,3,LocalSearch,960.7455362911884,0.0,0.0,Heuristic
GARR,54,5,ILP,322.27439651376153,0.1660001277923584,0.0,Optimal
GARR,54,5,Greedy,485.3483384047868,0.0,50.6009610614729,Heuristic
GARR,54,5,LocalSearch,322.27439651376153,0.003000020980834961,0.0,Heuristic
GARR,54,1,ILP,4908.64849600451,0.16300010681152344,0.0,Optimal
GARR,54,1,Greedy,4908.648496004511,0.0,1.8528413727591804e-14,Heuristic
GARR,54,1,LocalSearch,4908.648496004512,0.0,3.705682745518361e-14,Heuristic
GARR,54,2,ILP,1382.0022821308253,0.16200017929077148,0.0,Optimal
GARR,54,2,Greedy,2995.4329177782074,0.0,116.74587346988541,Heuristic
GARR,54,2,LocalSearch,1382.0022821308253,0.0,0.0,Heuristic
GARR,54,3,ILP,971.2292108400551,0.16099977493286133,0.0,Optimal
GARR,54,3,Greedy,1112.5135972343876,0.0,14.546966340945406,Heuristic
GARR,54,3,LocalSearch,971.2292108400552,0.0,1.1705459066998585e-14,Heuristic
GARR,54,5,ILP,310.80854299271004,0.14300012588500977,0.0,Optimal
GARR,54,5,Greedy,482.69180551803777,0.0,55.30197492974291,Heuristic
GARR,54,5,LocalSearch,310.80854299271004,0.003000020980834961,0.0,Heuristic
GARR,54,1,ILP,4908.64849600451,0.14600014686584473,0.0,Optimal
GARR,54,1,Greedy,4908.648496004511,0.0,1.8528413727591804e-14,Heuristic
GARR,54,1,LocalSearch,4908.648496004512,0.0,3.705682745518361e-14,Heuristic
GARR,54,2,ILP,1382.0022821308253,0.15899991989135742,0.0,Optimal
GARR,54,2,Greedy,2995.4329177782074,0.0,116.74587346988541,Heuristic
GARR,54,2,LocalSearch,1382.0022821308253,0.0009999275207519531,0.0,Heuristic
GARR,54,3,ILP,971.2292108400551,0.15199995040893555,0.0,Optimal
GARR,54,3,Greedy,1112.5135972343876,0.0,14.546966340945406,Heuristic
GARR,54,3,LocalSearch,971.2292108400552,0.0009999275207519531,1.1705459066998585e-14,Heuristic
GARR,54,5,ILP,310.80854299271004,0.15400004386901855,0.0,Optimal
GARR,54,5,Greedy,482.69180551803777,0.0,55.30197492974291,Heuristic
GARR,54,5,LocalSearch,310.80854299271004,0.002000093460083008,0.0,Heuristic
GARR,54,1,ILP,4908.64849600451,0.18400001525878906,0.0,Optimal
GARR,54,1,Greedy,4908.648496004511,0.0,1.8528413727591804e-14,Heuristic
GARR,54,1,LocalSearch,4908.648496004512,0.0,3.705682745518361e-14,Heuristic
GARR,54,2,ILP,1382.0022821308253,0.16700005531311035,0.0,Optimal
GARR,54,2,Greedy,2995.4329177782074,0.0,116.74587346988541,Heuristic
GARR,54,2,LocalSearch,1382.0022821308253,0.0,0.0,Heuristic
GARR,54,3,ILP,971.2292108400551,0.1809999942779541,0.0,Optimal
GARR,54,3,Greedy,1112.5135972343876,0.0,14.546966340945406,Heuristic
GARR,54,3,LocalSearch,971.2292108400552,0.0010001659393310547,1.1705459066998585e-14,Heuristic
GARR,54,5,ILP,310.80854299271004,0.15199995040893555,0.0,Optimal
GARR,54,5,Greedy,482.69180551803777,0.0,55.30197492974291,Heuristic
GARR,54,5,LocalSearch,310.80854299271004,0.004000186920166016,0.0,Heuristic
GARR,54,1,ILP,4908.64849600451,0.18700003623962402,0.0,Optimal
GARR,54,1,Greedy,4908.648496004511,0.0009999275207519531,1.8528413727591804e-14,Heuristic
GARR,54,1,LocalSearch,4908.648496004512,0.0,3.705682745518361e-14,Heuristic
GARR,54,2,ILP,1382.0022821308253,0.15799999237060547,0.0,Optimal
GARR,54,2,Greedy,2995.4329177782074,0.0,116.74587346988541,Heuristic
GARR,54,2,LocalSearch,1382.0022821308253,0.0,0.0,Heuristic
GARR,54,3,ILP,971.2292108400551,0.16199994087219238,0.0,Optimal
GARR,54,3,Greedy,1112.5135972343876,0.0,14.546966340945406,Heuristic
GARR,54,3,LocalSearch,971.2292108400552,0.0019998550415039062,1.1705459066998585e-14,Heuristic
GARR,54,5,ILP,310.80854299271004,0.16300010681152344,0.0,Optimal
GARR,54,5,Greedy,482.69180551803777,0.0,55.30197492974291,Heuristic
GARR,54,5,LocalSearch,310.80854299271004,0.003000020980834961,0.0,Heuristic
GARR,55,1,ILP,4856.352510310736,0.17199993133544922,0.0,Optimal
GARR,55,1,Greedy,4856.352510310736,0.0,0.0,Heuristic
GARR,55,1,LocalSearch,4856.352510310737,0.0,1.8727938300235413e-14,Heuristic
GARR,55,2,ILP,1437.737624516343,0.18900012969970703,4.744405479123237e-14,Optimal
GARR,55,2,Greedy,2938.3527240746935,0.0,104.37336228598463,Heuristic
GARR,55,2,LocalSearch,1437.7376245163423,0.0,0.0,Heuristic
GARR,55,3,ILP,977.1616919649297,0.18400001525878906,0.0,Optimal
GARR,55,3,Greedy,1138.9966118215532,0.0,16.561733967609506,Heuristic
GARR,55,3,LocalSearch,977.1616919649299,0.0,2.3268787275728825e-14,Heuristic
GARR,55,5,ILP,324.85253479553876,0.16499996185302734,0.0,Optimal
GARR,55,5,Greedy,507.4953072467278,0.0,56.22328684187239,Heuristic
GARR,55,5,LocalSearch,324.8525347955389,0.003999948501586914,3.499644470780263e-14,Heuristic
GARR,55,1,ILP,4844.510999116835,0.1659998893737793,0.0,Optimal
GARR,55,1,Greedy,4844.510999116836,0.0,1.8773715281867068e-14,Heuristic
GARR,55,1,LocalSearch,4844.510999116835,0.0,0.0,Heuristic
GARR,55,2,ILP,1433.2286233129216,0.19099998474121094,1.5864438634895225e-14,Optimal
GARR,55,2,Greedy,2942.6151141916944,0.0,105.31372778404412,Heuristic
GARR,55,2,LocalSearch,1433.2286233129214,0.0,0.0,Heuristic
GARR,55,3,ILP,982.8321596467754,0.17600011825561523,0.0,Optimal
GARR,55,3,Greedy,1144.43514255292,0.0,16.44258191187231,Heuristic
GARR,55,3,LocalSearch,982.8321596467754,0.0,0.0,Heuristic
GARR,55,5,ILP,329.7672782811734,0.17100000381469727,1.7237434580256003e-14,Optimal
GARR,55,5,Greedy,514.2720746125924,0.0,55.9500012533392,Heuristic
GARR,55,5,LocalSearch,329.76727828117333,0.0019998550415039062,0.0,Heuristic
GARR,55,1,ILP,4864.9225794884,0.1699998378753662,1.8694947081122344e-14,Optimal
GARR,55,1,Greedy,4864.9225794884,0.0,1.8694947081122344e-14,Heuristic
GARR,55,1,LocalSearch,4864.922579488399,0.0,0.0,Heuristic
GARR,55,2,ILP,1431.462432482522,0.15799999237060547,1.5884012760915282e-14,Optimal
GARR,55,2,Greedy,2951.8180506224235,0.0,106.20995589127801,Heuristic
GARR,55,2,LocalSearch,1431.4624324825218,0.0,0.0,Heuristic
GARR,55,3,ILP,969.3732064720979,0.17400002479553223,0.0,Optimal
GARR,55,3,Greedy,1148.3119021732018,0.0,18.459216172512857,Heuristic
GARR,55,3,LocalSearch,969.3732064720981,0.0,2.3455741702489145e-14,Heuristic
GARR,55,5,ILP,330.07552489870994,0.1700000762939453,0.0,Optimal
GARR,55,5,Greedy,512.6878000183151,0.0,55.32439134214609,Heuristic
GARR,55,5,LocalSearch,330.07552489871,0.003999948501586914,1.7221337110120938e-14,Heuristic
GARR,55,1,ILP,4864.9225794884,0.18499994277954102,1.8694947081122344e-14,Optimal
GARR,55,1,Greedy,4864.9225794884,0.0,1.8694947081122344e-14,Heuristic
GARR,55,1,LocalSearch,4864.922579488399,0.0,0.0,Heuristic
GARR,55,2,ILP,1431.462432482522,0.17199993133544922,1.5884012760915282e-14,Optimal
GARR,55,2,Greedy,2951.8180506224235,0.0,106.20995589127801,Heuristic
GARR,55,2,LocalSearch,1431.4624324825218,0.0,0.0,Heuristic
GARR,55,3,ILP,969.3732064720979,0.1549999713897705,0.0,Optimal
GARR,55,3,Greedy,1148.3119021732018,0.0,18.459216172512857,Heuristic
GARR,55,3,LocalSearch,969.3732064720981,0.010999917984008789,2.3455741702489145e-14,Heuristic
GARR,55,5,ILP,330.07552489870994,0.16100001335144043,0.0,Optimal
GARR,55,5,Greedy,512.6878000183151,0.0,55.32439134214609,Heuristic
GARR,55,5,LocalSearch,330.07552489871,0.002000093460083008,1.7221337110120938e-14,Heuristic
Hibernia Atlantic ,55,1,ILP,53493.4743349765,0.1640000343322754,0.0,Optimal
Hibernia Atlantic ,55,1,Greedy,53493.474334976505,0.0,1.3601579827515653e-14,Heuristic
Hibernia Atlantic ,55,1,LocalSearch,53493.474334976505,0.0,1.3601579827515653e-14,Heuristic
Hibernia Atlantic ,55,2,ILP,5959.489721836228,0.16100001335144043,0.0,Optimal
Hibernia Atlantic ,55,2,Greedy,11460.160721206168,0.0,92.30104012454078,Heuristic
Hibernia Atlantic ,55,2,LocalSearch,5959.489721836228,0.0,0.0,Heuristic
Hibernia Atlantic ,55,3,ILP,1563.349586709982,0.14899992942810059,0.0,Optimal
Hibernia Atlantic ,55,3,Greedy,3327.317889838586,0.0,112.83262029964885,Heuristic
Hibernia Atlantic ,55,3,LocalSearch,1563.3495867099825,0.0010001659393310547,2.908801427091333e-14,Heuristic
Hibernia Atlantic ,55,5,ILP,764.5345293182398,0.13499999046325684,0.0,Optimal
Hibernia Atlantic ,55,5,Greedy,1070.490964737944,0.0,40.01865497069642,Heuristic
Hibernia Atlantic ,55,5,LocalSearch,764.53452931824,0.003000020980834961,1.487007235932094e-14,Heuristic
GARR,56,1,ILP,4849.27063842249,0.1640000343322754,0.0,Optimal
GARR,56,1,Greedy,4849.27063842249,0.0,0.0,Heuristic
GARR,56,1,LocalSearch,4849.27063842249,0.0,0.0,Heuristic
GARR,56,2,ILP,1422.9426552836196,0.16499996185302734,0.0,Optimal
GARR,56,2,Greedy,2920.0929950216546,0.0,105.2150860878947,Heuristic
GARR,56,2,LocalSearch,1422.9426552836196,0.0009999275207519531,0.0,Heuristic
GARR,56,3,ILP,992.1140269586576,0.15400004386901855,1.145904952781738e-14,Optimal
GARR,56,3,Greedy,1165.0454523393591,0.0,17.43059977801401,Heuristic
GARR,56,3,LocalSearch,992.1140269586575,0.0,0.0,Heuristic
GARR,56,5,ILP,333.8964806588651,0.16200017929077148,3.404852830352755e-14,Optimal
GARR,56,5,Greedy,535.9436788237393,0.0,60.51192805811625,Heuristic
GARR,56,5,LocalSearch,333.89648065886496,0.003000020980834961,0.0,Heuristic
GARR,56,1,ILP,4849.27063842249,0.17200016975402832,0.0,Optimal
GARR,56,1,Greedy,4849.27063842249,0.0,0.0,Heuristic
GARR,56,1,LocalSearch,4849.27063842249,0.0,0.0,Heuristic
GARR,56,2,ILP,1422.9426552836196,0.1770000457763672,0.0,Optimal
GARR,56,2,Greedy,2920.0929950216546,0.0,105.2150860878947,Heuristic
GARR,56,2,LocalSearch,1422.9426552836196,0.0009999275207519531,0.0,Heuristic
GARR,56,3,ILP,992.1140269586576,0.21300005912780762,1.145904952781738e-14,Optimal
GARR,56,3,Greedy,1165.0454523393591,0.0,17.43059977801401,Heuristic
GARR,56,3,LocalSearch,992.1140269586575,0.0009999275207519531,0.0,Heuristic
GARR,56,5,ILP,333.8964806588651,0.21500015258789062,3.404852830352755e-14,Optimal
GARR,56,5,Greedy,535.9436788237393,0.0,60.51192805811625,Heuristic
GARR,56,5,LocalSearch,333.89648065886496,0.004000186920166016,0.0,Heuristic
GARR,56,1,ILP,4849.27063842249,0.26399993896484375,0.0,Optimal
GARR,56,1,Greedy,4849.27063842249,0.0,0.0,Heuristic
GARR,56,1,LocalSearch,4849.27063842249,0.0,0.0,Heuristic
GARR,56,2,ILP,1422.9426552836196,0.2670001983642578,0.0,Optimal
GARR,56,2,Greedy,2920.0929950216546,0.0,105.2150860878947,Heuristic
GARR,56,2,LocalSearch,1422.9426552836196,0.0,0.0,Heuristic
GARR,56,3,ILP,992.1140269586576,0.2539999485015869,1.145904952781738e-14,Optimal
GARR,56,3,Greedy,1165.0454523393591,0.0,17.43059977801401,Heuristic
GARR,56,3,LocalSearch,992.1140269586575,0.0010001659393310547,0.0,Heuristic
GARR,56,5,ILP,333.8964806588651,0.27499985694885254,3.404852830352755e-14,Optimal
GARR,56,5,Greedy,535.9436788237393,0.0,60.51192805811625,Heuristic
GARR,56,5,LocalSearch,333.89648065886496,0.004999876022338867,0.0,Heuristic
GARR,57,1,ILP,5081.026118384227,0.2929999828338623,0.0,Optimal
GARR,57,1,Greedy,5081.026118384228,0.0,1.7899823393589418e-14,Heuristic
GARR,57,1,LocalSearch,5081.026118384229,0.0,5.369947018076826e-14,Heuristic
GARR,57,2,ILP,1459.4924359401332,0.28099989891052246,0.0,Optimal
GARR,57,2,Greedy,3072.5014023076014,0.0,110.51848756779937,Heuristic
GARR,57,2,LocalSearch,1459.4924359401336,0.002000093460083008,3.115791077009168e-14,Heuristic
GARR,57,3,ILP,996.7484560686322,0.2539999485015869,2.2811540269652152e-14,Optimal
GARR,57,3,Greedy,1149.4059898551252,0.0,15.31555257066602,Heuristic
GARR,57,3,LocalSearch,996.748456068632,0.0009999275207519531,0.0,Heuristic
GARR,57,5,ILP,329.2500380197605,0.23000001907348633,1.726451398538532e-14,Optimal
GARR,57,5,Greedy,491.1948038363806,0.0,49.185952047453,Heuristic
GARR,57,5,LocalSearch,329.25003801976044,0.003000020980834961,0.0,Heuristic
DFN,58,1,ILP,3350.838700220594,0.21500015258789062,0.0,Optimal
DFN,58,1,Greedy,3350.8387002205945,0.0,1.3571150137920006e-14,Heuristic
DFN,58,1,LocalSearch,3350.8387002205945,0.0,1.3571150137920006e-14,Heuristic
DFN,58,2,ILP,1160.0137137396582,0.2590000629425049,0.0,Optimal
DFN,58,2,Greedy,1454.0962124280095,0.0,25.351639830212573,Heuristic
DFN,58,2,LocalSearch,1160.0137137396587,0.0010001659393310547,3.920189438282132e-14,Heuristic
DFN,58,3,ILP,541.7893495441812,0.23000001907348633,0.0,Optimal
DFN,58,3,Greedy,541.7893495441812,0.0,0.0,Heuristic
DFN,58,3,LocalSearch,541.7893495441812,0.0,0.0,Heuristic
DFN,58,5,ILP,174.9289739312851,0.22300004959106445,0.0,Optimal
DFN,58,5,Greedy,174.9289739312851,0.0,0.0,Heuristic
DFN,58,5,LocalSearch,174.92897393128516,0.003000020980834961,3.2495142218771044e-14,Heuristic
GARR,58,1,ILP,5166.409099371014,0.2650001049041748,1.760400085010022e-14,Optimal
GARR,58,1,Greedy,5166.409099371014,0.0,1.760400085010022e-14,Heuristic
GARR,58,1,LocalSearch,5166.409099371013,0.0,0.0,Heuristic
GARR,58,2,ILP,1473.1801201439407,0.24600005149841309,0.0,Optimal
GARR,58,2,Greedy,3162.8989111954384,0.0,114.69872339075548,Heuristic
GARR,58,2,LocalSearch,1473.1801201439412,0.0010001659393310547,3.086841484407432e-14,Heuristic
GARR,58,3,ILP,991.4211564918182,0.23599982261657715,0.0,Optimal
GARR,58,3,Greedy,1173.5560999168094,0.0,18.371097109676647,Heuristic
GARR,58,3,LocalSearch,991.4211564918184,0.0009999275207519531,1.1467057867102741e-14,Heuristic
GARR,58,5,ILP,331.86082761921557,0.23000001907348633,0.0,Optimal
GARR,58,5,Greedy,487.0626421496135,0.0,46.76713899733895,Heuristic
GARR,58,5,LocalSearch,331.86082761921557,0.005000114440917969,0.0,Heuristic
GARR,59,1,ILP,5002.777430220763,0.2799999713897705,1.81797954128212e-14,Optimal
GARR,59,1,Greedy,5002.777430220762,0.0,0.0,Heuristic
GARR,59,1,LocalSearch,5002.777430220763,0.0,1.81797954128212e-14,Heuristic
GARR,59,2,ILP,1450.2540304515405,0.3080000877380371,1.5678196417246893e-14,Optimal
GARR,59,2,Greedy,3046.5169867402556,0.0,110.06781727693009,Heuristic
GARR,59,2,LocalSearch,1450.2540304515403,0.0010001659393310547,0.0,Heuristic
GARR,59,3,ILP,964.446009393023,0.2739999294281006,0.0,Optimal
GARR,59,3,Greedy,1207.8850739871239,0.0,25.241336707620363,Heuristic
GARR,59,3,LocalSearch,964.4460093930231,0.0010001659393310547,1.1787786627181462e-14,Heuristic
GARR,59,5,ILP,336.78060739514115,0.24699997901916504,0.0,Optimal
GARR,59,5,Greedy,500.24343533770434,0.0,48.53688851234061,Heuristic
GARR,59,5,LocalSearch,336.78060739514115,0.00800013542175293,0.0,Heuristic
GARR,59,1,ILP,5065.9751187393995,0.27699995040893555,0.0,Optimal
GARR,59,1,Greedy,5065.9751187394,0.0,1.7953003724961917e-14,Heuristic
GARR,59,1,LocalSearch,5065.9751187393995,0.0,0.0,Heuristic
GARR,59,2,ILP,1469.1785860170237,0.28999996185302734,3.095248972552034e-14,Optimal
GARR,59,2,Greedy,3113.870090858284,0.0,111.94632977193449,Heuristic
GARR,59,2,LocalSearch,1469.1785860170232,0.0009999275207519531,0.0,Heuristic
GARR,59,3,ILP,960.4941532929207,0.26200008392333984,4.7345145134660764e-14,Optimal
GARR,59,3,Greedy,1228.631527494662,0.0,27.916606601140675,Heuristic
GARR,59,3,LocalSearch,960.4941532929203,0.002000093460083008,0.0,Heuristic
GARR,59,5,ILP,339.9039399101047,0.2329998016357422,0.0,Optimal
GARR,59,5,Greedy,511.8674404882205,0.0,50.59179385316787,Heuristic
GARR,59,5,LocalSearch,339.9039399101048,0.007999897003173828,1.6723377456537145e-14,Heuristic
GARR,59,1,ILP,5065.9751187393995,0.26999998092651367,0.0,Optimal
GARR,59,1,Greedy,5065.9751187394,0.0,1.7953003724961917e-14,Heuristic
GARR,59,1,LocalSearch,5065.9751187393995,0.0,0.0,Heuristic
GARR,59,2,ILP,1469.1785860170237,0.3190000057220459,3.095248972552034e-14,Optimal
GARR,59,2,Greedy,3113.870090858284,0.0,111.94632977193449,Heuristic
GARR,59,2,LocalSearch,1469.1785860170232,0.0019998550415039062,0.0,Heuristic
GARR,59,3,ILP,960.4941532929207,0.32200002670288086,4.7345145134660764e-14,Optimal
GARR,59,3,Greedy,1228.631527494662,0.0009999275207519531,27.916606601140675,Heuristic
GARR,59,3,LocalSearch,960.4941532929203,0.0009999275207519531,0.0,Heuristic
GARR,59,5,ILP,339.9039399101047,0.36299991607666016,0.0,Optimal
GARR,59,5,Greedy,511.8674404882205,0.0010001659393310547,50.59179385316787,Heuristic
GARR,59,5,LocalSearch,339.9039399101048,0.004999876022338867,1.6723377456537145e-14,Heuristic
GARR,59,1,ILP,5065.9751187393995,0.2850000858306885,0.0,Optimal
GARR,59,1,Greedy,5065.9751187394,0.0,1.7953003724961917e-14,Heuristic
GARR,59,1,LocalSearch,5065.9751187393995,0.0009999275207519531,0.0,Heuristic
GARR,59,2,ILP,1469.1785860170237,0.21899986267089844,3.095248972552034e-14,Optimal
GARR,59,2,Greedy,3113.870090858284,0.0,111.94632977193449,Heuristic
GARR,59,2,LocalSearch,1469.1785860170232,0.0,0.0,Heuristic
GARR,59,3,ILP,960.4941532929207,0.23000001907348633,4.7345145134660764e-14,Optimal
GARR,59,3,Greedy,1228.631527494662,0.0,27.916606601140675,Heuristic
GARR,59,3,LocalSearch,960.4941532929203,0.002000093460083008,0.0,Heuristic
GARR,59,5,ILP,339.9039399101047,0.20099997520446777,0.0,Optimal
GARR,59,5,Greedy,511.8674404882205,0.0,50.59179385316787,Heuristic
GARR,59,5,LocalSearch,339.9039399101048,0.004000186920166016,1.6723377456537145e-14,Heuristic
GARR,59,1,ILP,5065.3107629896995,0.21599984169006348,1.795535840403437e-14,Optimal
GARR,59,1,Greedy,5065.3107629896995,0.0,1.795535840403437e-14,Heuristic
GARR,59,1,LocalSearch,5065.310762989699,0.0009999275207519531,0.0,Heuristic
GARR,59,2,ILP,1464.9214248767519,0.1959998607635498,0.0,Optimal
GARR,59,2,Greedy,3113.211783495682,0.0,112.51732213266017,Heuristic
GARR,59,2,LocalSearch,1464.921424876752,0.0009999275207519531,1.5521219881288968e-14,Heuristic
GARR,59,3,ILP,960.5717330270918,0.23799991607666016,1.183533033637683e-14,Optimal
GARR,59,3,Greedy,1228.6022523901236,0.0,27.90322785351757,Heuristic
GARR,59,3,LocalSearch,960.5717330270917,0.0009999275207519531,0.0,Heuristic
GARR,59,5,ILP,339.959342224921,0.2669999599456787,0.0,Optimal
GARR,59,5,Greedy,511.95308473852054,0.0,50.5924447870612,Heuristic
GARR,59,5,LocalSearch,339.959342224921,0.00800013542175293,0.0,Heuristic
GARR,59,1,ILP,5065.3107629896995,0.3020000457763672,1.795535840403437e-14,Optimal
GARR,59,1,Greedy,5065.3107629896995,0.0,1.795535840403437e-14,Heuristic
GARR,59,1,LocalSearch,5065.310762989699,0.0,0.0,Heuristic
GARR,59,2,ILP,1464.9214248767519,0.25800013542175293,0.0,Optimal
GARR,59,2,Greedy,3113.211783495682,0.0,112.51732213266017,Heuristic
GARR,59,2,LocalSearch,1464.921424876752,0.0,1.5521219881288968e-14,Heuristic
GARR,59,3,ILP,960.5717330270918,0.2990000247955322,1.183533033637683e-14,Optimal
GARR,59,3,Greedy,1228.6022523901236,0.0,27.90322785351757,Heuristic
GARR,59,3,LocalSearch,960.5717330270917,0.0009999275207519531,0.0,Heuristic
GARR,59,5,ILP,339.959342224921,0.2739999294281006,0.0,Optimal
GARR,59,5,Greedy,511.95308473852054,0.0,50.5924447870612,Heuristic
GARR,59,5,LocalSearch,339.959342224921,0.006000041961669922,0.0,Heuristic
GARR,60,1,ILP,5497.57396807663,0.3210000991821289,0.0,Optimal
GARR,60,1,Greedy,5497.57396807663,0.0,0.0,Heuristic
GARR,60,1,LocalSearch,5497.573968076631,0.0009999275207519531,1.654356461694179e-14,Heuristic
GARR,60,2,ILP,1388.180567212188,0.2709999084472656,0.0,Optimal
GARR,60,2,Greedy,1734.9478104822606,0.0,24.9799810961529,Heuristic
GARR,60,2,LocalSearch,1388.1805672121886,0.0,4.913777374794728e-14,Heuristic
GARR,60,3,ILP,937.2069144449754,0.31999993324279785,0.0,Optimal
GARR,60,3,Greedy,1115.456766830038,0.0,19.019263477225227,Heuristic
GARR,60,3,LocalSearch,937.2069144449755,0.0009999275207519531,1.2130388281326614e-14,Heuristic
GARR,60,5,ILP,319.46936027947385,0.30500006675720215,0.0,Optimal
GARR,60,5,Greedy,378.4162097337858,0.0,18.45148761769983,Heuristic
GARR,60,5,LocalSearch,319.4693602794739,0.009999990463256836,1.7793073742997146e-14,Heuristic
GARR,61,1,ILP,5715.892050060179,0.312999963760376,1.591168436715583e-14,Optimal
GARR,61,1,Greedy,5715.892050060178,0.0,0.0,Heuristic
GARR,61,1,LocalSearch,5715.892050060178,0.0,0.0,Heuristic
GARR,61,2,ILP,1443.0385027059872,0.24600005149841309,0.0,Optimal
GARR,61,2,Greedy,1771.3399555411663,0.0,22.750706389299243,Heuristic
GARR,61,2,LocalSearch,1443.0385027059879,0.0,4.7269773124596617e-14,Heuristic
GARR,61,3,ILP,1023.2992841247367,0.9780001640319824,2.221966525049538e-14,Optimal
GARR,61,3,Greedy,1165.8637503587474,0.0,13.931844617281378,Heuristic
GARR,61,3,LocalSearch,1023.2992841247365,0.0019998550415039062,0.0,Heuristic
GARR,61,5,ILP,318.5341078600472,0.2720000743865967,3.569063246802007e-14,Optimal
GARR,61,5,Greedy,399.40796933306353,0.0,25.389388287595768,Heuristic
GARR,61,5,LocalSearch,318.5341078600471,0.004000186920166016,0.0,Heuristic
GARR,61,1,ILP,5715.892050060179,0.2690000534057617,1.591168436715583e-14,Optimal
GARR,61,1,Greedy,5715.892050060178,0.0,0.0,Heuristic
GARR,61,1,LocalSearch,5715.892050060178,0.0,0.0,Heuristic
GARR,61,2,ILP,1443.0385027059872,0.21200013160705566,0.0,Optimal
GARR,61,2,Greedy,1771.3399555411663,0.0,22.750706389299243,Heuristic
GARR,61,2,LocalSearch,1443.0385027059879,0.0,4.7269773124596617e-14,Heuristic
GARR,61,3,ILP,1023.2992841247367,1.000999927520752,2.221966525049538e-14,Optimal
GARR,61,3,Greedy,1165.8637503587474,0.0,13.931844617281378,Heuristic
GARR,61,3,LocalSearch,1023.2992841247365,0.0019998550415039062,0.0,Heuristic
GARR,61,5,ILP,318.5341078600472,0.22500014305114746,3.569063246802007e-14,Optimal
GARR,61,5,Greedy,399.40796933306353,0.0,25.389388287595768,Heuristic
GARR,61,5,LocalSearch,318.5341078600471,0.00599980354309082,0.0,Heuristic
FORTHNET,62,1,ILP,3575.6592866431993,0.27899980545043945,0.0,Optimal
FORTHNET,62,1,Greedy,3575.6592866431997,0.0,1.2717860244267774e-14,Heuristic
FORTHNET,62,1,LocalSearch,3575.6592866431997,0.0,1.2717860244267774e-14,Heuristic
FORTHNET,62,2,ILP,1481.9275443910508,0.2389998435974121,0.0,Optimal
FORTHNET,62,2,Greedy,1481.927544391051,0.0,1.5343103399610792e-14,Heuristic
FORTHNET,62,2,LocalSearch,1481.9275443910508,0.0009999275207519531,0.0,Heuristic
FORTHNET,62,3,ILP,908.3374661285263,0.2539999485015869,3.754777556611206e-14,Optimal
FORTHNET,62,3,Greedy,908.337466128526,0.0,0.0,Heuristic
FORTHNET,62,3,LocalSearch,908.3374661285262,0.0010001659393310547,2.503185037740804e-14,Heuristic
FORTHNET,62,5,ILP,195.9769495509289,0.2109999656677246,1.4502577724334874e-14,Optimal
FORTHNET,62,5,Greedy,195.97694955092888,0.0,0.0,Heuristic
FORTHNET,62,5,LocalSearch,195.97694955092888,0.003999948501586914,0.0,Heuristic
US Signal,63,1,ILP,0.0,0.29600000381469727,0.0,Optimal
US Signal,63,1,Greedy,0.0,0.0,0.0,Heuristic
US Signal,63,1,LocalSearch,0.0,0.0,0.0,Heuristic
US Signal,63,2,ILP,0.0,0.21900010108947754,0.0,Optimal
US Signal,63,2,Greedy,0.0,0.0,0.0,Heuristic
US Signal,63,2,LocalSearch,0.0,0.0,0.0,Heuristic
US Signal,63,3,ILP,0.0,0.2350001335144043,0.0,Optimal
US Signal,63,3,Greedy,0.0,0.0,0.0,Heuristic
US Signal,63,3,LocalSearch,0.0,0.0009999275207519531,0.0,Heuristic
US Signal,63,5,ILP,0.0,0.21000003814697266,0.0,Optimal
US Signal,63,5,Greedy,0.0,0.0010001659393310547,0.0,Heuristic
US Signal,63,5,LocalSearch,0.0,0.0019998550415039062,0.0,Heuristic
ASNET-AM,65,1,ILP,207.63830558005395,0.3209998607635498,0.0,Optimal
ASNET-AM,65,1,Greedy,207.63830558005398,0.0,1.3688085804305581e-14,Heuristic
ASNET-AM,65,1,LocalSearch,207.638305580054,0.0010001659393310547,2.7376171608611162e-14,Heuristic
ASNET-AM,65,2,ILP,92.77516319427484,0.25799989700317383,0.0,Optimal
ASNET-AM,65,2,Greedy,92.77516319427484,0.0,0.0,Heuristic
ASNET-AM,65,2,LocalSearch,92.77516319427484,0.0010001659393310547,0.0,Heuristic
ASNET-AM,65,3,ILP,72.51500455465789,0.24699997901916504,1.959712310917754e-14,Optimal
ASNET-AM,65,3,Greedy,74.21142545637683,0.0,2.3394067367675357,Heuristic
ASNET-AM,65,3,LocalSearch,72.51500455465788,0.002000093460083008,0.0,Heuristic
ASNET-AM,65,5,ILP,42.809389356561645,0.252000093460083,1.6597824599691265e-14,Optimal
ASNET-AM,65,5,Greedy,43.695184629756255,0.0,2.0691611968972086,Heuristic
ASNET-AM,65,5,LocalSearch,42.80938935656164,0.004999876022338867,0.0,Heuristic
Internode,66,1,ILP,72010.28136980551,0.35199999809265137,2.0208107719557654e-14,Optimal
Internode,66,1,Greedy,72010.28136980551,0.0,2.0208107719557654e-14,Heuristic
Internode,66,1,LocalSearch,72010.2813698055,0.0,0.0,Heuristic
Internode,66,2,ILP,25819.143818948363,0.2609999179840088,0.0,Optimal
Internode,66,2,Greedy,25819.143818948363,0.0,0.0,Heuristic
Internode,66,2,LocalSearch,25819.143818948367,0.0010001659393310547,1.4090237974590944e-14,Heuristic
Internode,66,3,ILP,18461.716060617877,0.25099992752075195,0.0,Optimal
Internode,66,3,Greedy,19473.513373541195,0.0,5.480516056043465,Heuristic
Internode,66,3,LocalSearch,18461.716060617877,0.0009999275207519531,0.0,Heuristic
Internode,66,5,ILP,10046.446260102932,0.24399995803833008,0.0,Optimal
Internode,66,5,Greedy,11628.514404781617,0.0,15.747540012845064,Heuristic
Internode,66,5,LocalSearch,10046.446260102934,0.005000114440917969,1.810579936877321e-14,Heuristic
GlobeNet,67,1,ILP,89230.00969808537,0.30099987983703613,1.630831967586248e-14,Optimal
GlobeNet,67,1,Greedy,89230.00969808536,0.0,0.0,Heuristic
GlobeNet,67,1,LocalSearch,89230.00969808536,0.0,0.0,Heuristic
GlobeNet,67,2,ILP,16529.346904567003,0.30299997329711914,2.2009210818163376e-14,Optimal
GlobeNet,67,2,Greedy,40116.667047170806,0.0,142.699649773136,Heuristic
GlobeNet,67,2,LocalSearch,16529.346904567,0.0,0.0,Heuristic
GlobeNet,67,3,ILP,10123.901445174371,0.2609999179840088,0.0,Optimal
GlobeNet,67,3,Greedy,10123.901445174371,0.0,0.0,Heuristic
GlobeNet,67,3,LocalSearch,10123.901445174371,0.002000093460083008,0.0,Heuristic
GlobeNet,67,5,ILP,4270.250288917304,0.2869999408721924,0.0,Optimal
GlobeNet,67,5,Greedy,5194.065072943119,0.0,21.633738575544783,Heuristic
GlobeNet,67,5,LocalSearch,4270.250288917305,0.003999948501586914,2.129839330807762e-14,Heuristic
Missouri Network Alliance ,67,1,ILP,2296.8274756059677,0.3380000591278076,1.9798933777840194e-14,Optimal
Missouri Network Alliance ,67,1,Greedy,2296.8274756059673,0.0,0.0,Heuristic
Missouri Network Alliance ,67,1,LocalSearch,2296.8274756059673,0.0,0.0,Heuristic
Missouri Network Alliance ,67,2,ILP,1200.3565627204632,0.3039999008178711,1.8942177891535587e-14,Optimal
Missouri Network Alliance ,67,2,Greedy,1251.8484353901881,0.0,4.2897147621724185,Heuristic
Missouri Network Alliance ,67,2,LocalSearch,1200.356562720463,0.0010001659393310547,0.0,Heuristic
Missouri Network Alliance ,67,3,ILP,732.6360540436716,0.30299997329711914,3.1035010383160674e-14,Optimal
Missouri Network Alliance ,67,3,Greedy,757.5552055353894,0.0,3.401300189115813,Heuristic
Missouri Network Alliance ,67,3,LocalSearch,732.6360540436714,0.002000093460083008,0.0,Heuristic
Missouri Network Alliance ,67,5,ILP,311.1872742229582,0.26399993896484375,0.0,Optimal
Missouri Network Alliance ,67,5,Greedy,357.1615722238686,0.0009999275207519531,14.7738361460022,Heuristic
Missouri Network Alliance ,67,5,LocalSearch,311.1872742229583,0.005000114440917969,3.6533254133060127e-14,Heuristic
ESnet,68,1,ILP,49208.84699323136,0.375,0.0,Optimal
ESnet,68,1,Greedy,49208.84699323136,0.0,0.0,Heuristic
ESnet,68,1,LocalSearch,49208.84699323137,0.0,1.478587298577475e-14,Heuristic
ESnet,68,2,ILP,7598.071380518671,0.32200002670288086,0.0,Optimal
ESnet,68,2,Greedy,9794.175718699891,0.0,28.903444416329066,Heuristic
ESnet,68,2,LocalSearch,7598.0713805186715,0.0,1.1970073143888298e-14,Heuristic
ESnet,68,3,ILP,5063.485458716885,0.2719998359680176,0.0,Optimal
ESnet,68,3,Greedy,5080.4188233639,0.0,0.33442111733260466,Heuristic
ESnet,68,3,LocalSearch,5063.485458716885,0.002000093460083008,0.0,Heuristic
ESnet,68,5,ILP,2032.6055796328505,0.2720000743865967,1.1186315619791941e-14,Optimal
ESnet,68,5,Greedy,2049.538944279865,0.0,0.8330865966664037,Heuristic
ESnet,68,5,LocalSearch,2032.6055796328503,0.004999876022338867,0.0,Heuristic
LATNET,69,1,ILP,689.7639033554042,0.41499996185302734,0.0,Optimal
LATNET,69,1,Greedy,689.7639033554043,0.0,1.6481992920849954e-14,Heuristic
LATNET,69,1,LocalSearch,689.7639033554044,0.0,3.296398584169991e-14,Heuristic
LATNET,69,2,ILP,423.32839254420753,0.3789999485015869,2.6855471951304074e-14,Optimal
LATNET,69,2,Greedy,423.4917501444864,0.0,0.03858885989129865,Heuristic
LATNET,69,2,LocalSearch,423.3283925442074,0.0,0.0,Heuristic
LATNET,69,3,ILP,303.7254291910353,0.367999792098999,3.7430793340030163e-14,Optimal
LATNET,69,3,Greedy,305.19168311675713,0.0,0.4827563927153835,Heuristic
LATNET,69,3,LocalSearch,303.7254291910352,0.0019998550415039062,0.0,Heuristic
LATNET,69,5,ILP,176.39904761859543,0.3619999885559082,3.222433433071199e-14,Optimal
LATNET,69,5,Greedy,178.4666383099063,0.0,1.1721098947095265,Heuristic
LATNET,69,5,LocalSearch,176.39904761859538,0.006000041961669922,0.0,Heuristic
Uninett,69,1,ILP,7145.898500586932,0.45399999618530273,0.0,Optimal
Uninett,69,1,Greedy,7145.898500586932,0.0009999275207519531,0.0,Heuristic
Uninett,69,1,LocalSearch,7145.898500586933,0.0,1.2727506578749004e-14,Heuristic
Uninett,69,2,ILP,2105.0834460662154,0.4049999713897705,2.1602343210491435e-14,Optimal
Uninett,69,2,Greedy,4326.689079766158,0.0,105.53527642105942,Heuristic
Uninett,69,2,LocalSearch,2105.083446066215,0.0009999275207519531,0.0,Heuristic
Uninett,69,3,ILP,1195.023558971871,0.38299989700317383,0.0,Optimal
Uninett,69,3,Greedy,2001.2947995605018,0.0,67.46906657491338,Heuristic
Uninett,69,3,LocalSearch,1195.023558971871,0.0019998550415039062,0.0,Heuristic
Uninett,69,5,ILP,454.382388356621,0.35199999809265137,0.0,Optimal
Uninett,69,5,Greedy,887.2389834177222,0.0,95.26262596282115,Heuristic
Uninett,69,5,LocalSearch,454.382388356621,0.003999948501586914,0.0,Heuristic
Columbus Networks,70,1,ILP,21528.306445351016,0.41100001335144043,1.689858334340705e-14,Optimal
Columbus Networks,70,1,Greedy,21528.306445351012,0.0,0.0,Heuristic
Columbus Networks,70,1,LocalSearch,21528.306445351016,0.0,1.689858334340705e-14,Heuristic
Columbus Networks,70,2,ILP,7505.344727586754,0.3680000305175781,0.0,Optimal
Columbus Networks,70,2,Greedy,11656.63398557814,0.0,55.31110706657947,Heuristic
Columbus Networks,70,2,LocalSearch,7505.344727586755,0.0,1.2117960397341595e-14,Heuristic
Columbus Networks,70,3,ILP,4411.5724132256555,0.4089999198913574,0.0,Optimal
Columbus Networks,70,3,Greedy,6138.305686439501,0.0,39.14099353865739,Heuristic
Columbus Networks,70,3,LocalSearch,4411.5724132256555,0.0010001659393310547,0.0,Heuristic
Columbus Networks,70,5,ILP,742.1425758390387,0.3510000705718994,0.0,Optimal
Columbus Networks,70,5,Greedy,1897.8282523960013,0.0,155.72286433646357,Heuristic
Columbus Networks,70,5,LocalSearch,742.1425758390388,0.005000114440917969,1.5318732737181386e-14,Heuristic
Intellifiber,73,1,ILP,8187.224204593989,0.48600006103515625,1.1108706431449569e-14,Optimal
Intellifiber,73,1,Greedy,8187.224204593988,0.0,0.0,Heuristic
Intellifiber,73,1,LocalSearch,8187.22420459399,0.0,2.2217412862899137e-14,Heuristic
Intellifiber,73,2,ILP,1844.306546136684,0.41099977493286133,1.2328410150661643e-14,Optimal
Intellifiber,73,2,Greedy,4887.8907654131535,0.0,165.02594027288706,Heuristic
Intellifiber,73,2,LocalSearch,1844.3065461366837,0.0010001659393310547,0.0,Heuristic
Intellifiber,73,3,ILP,1037.9137339441827,0.36100006103515625,4.381359799126812e-14,Optimal
Intellifiber,73,3,Greedy,1651.7388781787085,0.0,59.140285378239064,Heuristic
Intellifiber,73,3,LocalSearch,1037.9137339441822,0.0009999275207519531,0.0,Heuristic
Intellifiber,73,5,ILP,411.087833988531,0.3209998607635498,0.0,Optimal
Intellifiber,73,5,Greedy,475.2220989041171,0.0,15.60110993636835,Heuristic
Intellifiber,73,5,LocalSearch,411.0878339885311,0.003999948501586914,2.7655120955194165e-14,Heuristic
Tecove (level3),73,1,ILP,0.0,0.5019998550415039,0.0,Optimal
Tecove (level3),73,1,Greedy,0.0,0.0009999275207519531,0.0,Heuristic
Tecove (level3),73,1,LocalSearch,0.0,0.0,0.0,Heuristic
Tecove (level3),73,2,ILP,0.0,0.3269999027252197,0.0,Optimal
Tecove (level3),73,2,Greedy,0.0,0.0,0.0,Heuristic
Tecove (level3),73,2,LocalSearch,0.0,0.0009999275207519531,0.0,Heuristic
Tecove (level3),73,3,ILP,0.0,0.37999987602233887,0.0,Optimal
Tecove (level3),73,3,Greedy,0.0,0.0,0.0,Heuristic
Tecove (level3),73,3,LocalSearch,0.0,0.0,0.0,Heuristic
Tecove (level3),73,5,ILP,0.0,0.3859999179840088,0.0,Optimal
Tecove (level3),73,5,Greedy,0.0,0.0,0.0,Heuristic
Tecove (level3),73,5,LocalSearch,0.0,0.0019998550415039062,0.0,Heuristic
Sinet,74,1,ILP,5591.7131443918015,0.6119999885559082,1.6265045761245897e-14,Optimal
Sinet,74,1,Greedy,5591.713144391801,0.0,0.0,Heuristic
Sinet,74,1,LocalSearch,5591.713144391802,0.0,3.2530091522491794e-14,Heuristic
Sinet,74,2,ILP,1731.9025169645113,0.4309999942779541,1.3128549281269463e-14,Optimal
Sinet,74,2,Greedy,2839.178836796077,0.0,63.93410189000006,Heuristic
Sinet,74,2,LocalSearch,1731.902516964511,0.0009999275207519531,0.0,Heuristic
Sinet,74,3,ILP,792.7994501443776,0.4239997863769531,0.0,Optimal
Sinet,74,3,Greedy,874.4796168588992,0.0,10.302752694851993,Heuristic
Sinet,74,3,LocalSearch,792.7994501443778,0.0019998550415039062,2.867984777257663e-14,Heuristic
Sinet,74,5,ILP,497.1676062960036,0.3660001754760742,2.2866903692419814e-14,Optimal
Sinet,74,5,Greedy,497.1676062960035,0.0,0.0,Heuristic
Sinet,74,5,LocalSearch,497.1676062960036,0.006000041961669922,2.2866903692419814e-14,Heuristic
SWITCH,74,1,ILP,2440.004994984803,0.5989999771118164,3.7274296718339017e-14,Optimal
SWITCH,74,1,Greedy,2440.0049949848026,0.0,1.8637148359169508e-14,Heuristic
SWITCH,74,1,LocalSearch,2440.004994984802,0.0,0.0,Heuristic
SWITCH,74,2,ILP,1058.1819395487678,0.4589998722076416,0.0,Optimal
SWITCH,74,2,Greedy,1461.5190646884555,0.0,38.11604697313957,Heuristic
SWITCH,74,2,LocalSearch,1058.181939548768,0.0,2.1487200541353904e-14,Heuristic
SWITCH,74,3,ILP,547.0720566245419,0.40599989891052246,0.0,Optimal
SWITCH,74,3,Greedy,686.6627630894214,0.0,25.515963532511638,Heuristic
SWITCH,74,3,LocalSearch,547.0720566245419,0.0019998550415039062,0.0,Heuristic
SWITCH,74,5,ILP,193.30706536884713,0.3209998607635498,0.0,Optimal
SWITCH,74,5,Greedy,210.623136937462,0.0,8.957805828552749,Heuristic
SWITCH,74,5,LocalSearch,193.30706536884713,0.006999969482421875,0.0,Heuristic
Syringa Networks,74,1,ILP,6853.53977702657,0.6070001125335693,1.3270437341322552e-14,Optimal
Syringa Networks,74,1,Greedy,6853.539777026571,0.0,2.6540874682645104e-14,Heuristic
Syringa Networks,74,1,LocalSearch,6853.539777026569,0.0,0.0,Heuristic
Syringa Networks,74,2,ILP,1633.4045545347542,0.38000011444091797,4.1760690848813405e-14,Optimal
Syringa Networks,74,2,Greedy,2991.692140818877,0.0,83.15683842763666,Heuristic
Syringa Networks,74,2,LocalSearch,1633.4045545347535,0.0009999275207519531,0.0,Heuristic
Syringa Networks,74,3,ILP,1005.1533950414425,0.3810000419616699,1.1310396829225128e-14,Optimal
Syringa Networks,74,3,Greedy,1046.9938248080073,0.0,4.162591498269751,Heuristic
Syringa Networks,74,3,LocalSearch,1005.1533950414424,0.003000020980834961,0.0,Heuristic
Syringa Networks,74,5,ILP,500.3156881563607,0.37800002098083496,0.0,Optimal
Syringa Networks,74,5,Greedy,645.8337732128434,0.0,29.085253271331528,Heuristic
Syringa Networks,74,5,LocalSearch,500.31568815636075,0.006000041961669922,1.1361510383628641e-14,Heuristic
Uninett,74,1,ILP,9762.614312481555,0.4549999237060547,0.0,Optimal
Uninett,74,1,Greedy,9762.614312481557,0.0,1.8632195693936907e-14,Heuristic
Uninett,74,1,LocalSearch,9762.614312481559,0.0,3.7264391387873815e-14,Heuristic
Uninett,74,2,ILP,2292.172913367711,0.40199995040893555,0.0,Optimal
Uninett,74,2,Greedy,2837.99625345789,0.0,23.81248538916915,Heuristic
Uninett,74,2,LocalSearch,2292.1729133677118,0.0009999275207519531,3.967827629708261e-14,Heuristic
Uninett,74,3,ILP,1269.557784387598,0.37000012397766113,0.0,Optimal
Uninett,74,3,Greedy,2037.4838575831798,0.0,60.48768182426682,Heuristic
Uninett,74,3,LocalSearch,1269.557784387598,0.0019998550415039062,0.0,Heuristic
Uninett,74,5,ILP,238.8382683993947,0.37800002098083496,0.0,Optimal
Uninett,74,5,Greedy,626.3462173155833,0.0,162.24700987539512,Heuristic
Uninett,74,5,LocalSearch,238.83826839939474,0.005000114440917969,1.1899981364324796e-14,Heuristic
TW Telecom,76,1,ILP,0.0,0.4940001964569092,0.0,Optimal
TW Telecom,76,1,Greedy,0.0,0.0,0.0,Heuristic
TW Telecom,76,1,LocalSearch,0.0,0.0,0.0,Heuristic
TW Telecom,76,2,ILP,0.0,0.33500003814697266,0.0,Optimal
TW Telecom,76,2,Greedy,0.0,0.0,0.0,Heuristic
TW Telecom,76,2,LocalSearch,0.0,0.0010001659393310547,0.0,Heuristic
TW Telecom,76,3,ILP,0.0,0.3269999027252197,0.0,Optimal
TW Telecom,76,3,Greedy,0.0,0.0,0.0,Heuristic
TW Telecom,76,3,LocalSearch,0.0,0.0010001659393310547,0.0,Heuristic
TW Telecom,76,5,ILP,0.0,0.3619999885559082,0.0,Optimal
TW Telecom,76,5,Greedy,0.0,0.0,0.0,Heuristic
TW Telecom,76,5,LocalSearch,0.0,0.002000093460083008,0.0,Heuristic
ULAKNET,82,1,ILP,2870.5783848051824,0.6710000038146973,1.5841662896006463e-14,Optimal
ULAKNET,82,1,Greedy,2870.5783848051824,0.0,1.5841662896006463e-14,Heuristic
ULAKNET,82,1,LocalSearch,2870.578384805182,0.0010001659393310547,0.0,Heuristic
ULAKNET,82,2,ILP,880.5776083753018,0.3989999294281006,1.2910484736418912e-14,Optimal
ULAKNET,82,2,Greedy,880.5776083753017,0.0,0.0,Heuristic
ULAKNET,82,2,LocalSearch,880.577608375302,0.0,3.873145420925674e-14,Heuristic
ULAKNET,82,3,ILP,697.6170065852052,0.42599987983703613,0.0,Optimal
ULAKNET,82,3,Greedy,697.6170065852052,0.0,0.0,Heuristic
ULAKNET,82,3,LocalSearch,697.6170065852053,0.0010001659393310547,1.6296454451147414e-14,Heuristic
ULAKNET,82,5,ILP,576.2679686059748,0.4530000686645508,0.0,Optimal
ULAKNET,82,5,Greedy,576.2679686059748,0.0009999275207519531,0.0,Heuristic
ULAKNET,82,5,LocalSearch,576.267968605975,0.006999969482421875,3.9456240469735283e-14,Heuristic
Bestel ,84,1,ILP,13627.555529865445,0.6960000991821289,0.0,Optimal
Bestel ,84,1,Greedy,13627.555529865445,0.0,0.0,Heuristic
Bestel ,84,1,LocalSearch,13627.555529865445,0.0,0.0,Heuristic
Bestel ,84,2,ILP,7358.520540820729,0.5190000534057617,0.0,Optimal
Bestel ,84,2,Greedy,7462.192830070906,0.0,1.4088740892284521,Heuristic
Bestel ,84,2,LocalSearch,7358.52054082073,0.0,1.2359749445932622e-14,Heuristic
Bestel ,84,3,ILP,3460.4649695010626,0.5539999008178711,0.0,Optimal
Bestel ,84,3,Greedy,3690.621796375531,0.0,6.651037617862467,Heuristic
Bestel ,84,3,LocalSearch,3460.4649695010635,0.002000093460083008,2.628244209344102e-14,Heuristic
Bestel ,84,5,ILP,672.6696921165973,0.503000020980835,5.070252416036168e-14,Optimal
Bestel ,84,5,Greedy,672.6696921165973,0.0,5.070252416036168e-14,Heuristic
Bestel ,84,5,LocalSearch,672.6696921165969,0.006000041961669922,0.0,Heuristic
Viatel,88,1,ILP,10596.888690548756,1.0810000896453857,0.0,Optimal
Viatel,88,1,Greedy,10596.888690548758,0.0,1.7165315751293985e-14,Heuristic
Viatel,88,1,LocalSearch,10596.888690548756,0.0,0.0,Heuristic
Viatel,88,2,ILP,4422.355435858855,0.8300001621246338,0.0,Optimal
Viatel,88,2,Greedy,5042.430437681615,0.0,14.021374148148647,Heuristic
Viatel,88,2,LocalSearch,4422.355435858856,0.0009999275207519531,2.0565843586389554e-14,Heuristic
Viatel,88,3,ILP,1889.4540577991474,0.6369998455047607,0.0,Optimal
Viatel,88,3,Greedy,2138.6906147817867,0.0,13.19092972670382,Heuristic
Viatel,88,3,LocalSearch,1889.454057799148,0.003000020980834961,2.4067658539216233e-14,Heuristic
Viatel,88,5,ILP,947.9215829919574,0.565000057220459,0.0,Optimal
Viatel,88,5,Greedy,987.4666630693158,0.0010001659393310547,4.171767030827691,Heuristic
Viatel,88,5,LocalSearch,947.9215829919575,0.011999845504760742,1.1993274524120694e-14,Heuristic
Viatel,92,1,ILP,12484.137795941602,1.3519999980926514,0.0,Optimal
Viatel,92,1,Greedy,12484.137795941602,0.0,0.0,Heuristic
Viatel,92,1,LocalSearch,12484.137795941602,0.0,0.0,Heuristic
Viatel,92,2,ILP,5077.774369446612,0.7090001106262207,0.0,Optimal
Viatel,92,2,Greedy,5185.086351478467,0.0,2.113366491381742,Heuristic
Viatel,92,2,LocalSearch,5077.7743694466135,0.002000093460083008,3.5822572473697654e-14,Heuristic
Viatel,92,3,ILP,1886.1808275812182,0.6029999256134033,0.0,Optimal
Viatel,92,3,Greedy,2520.6415875488456,0.0,33.6373241997821,Heuristic
Viatel,92,3,LocalSearch,1886.1808275812184,0.0019998550415039062,1.2054712470744879e-14,Heuristic
Viatel,92,5,ILP,1101.3838964335741,0.5540001392364502,2.0644361714339385e-14,Optimal
Viatel,92,5,Greedy,1314.2800039941883,0.0,19.329872921694246,Heuristic
Viatel,92,5,LocalSearch,1101.383896433574,0.015000104904174805,0.0,Heuristic
OTEGlobe ,93,1,ILP,0.0,1.3010001182556152,0.0,Optimal
OTEGlobe ,93,1,Greedy,0.0,0.0,0.0,Heuristic
OTEGlobe ,93,1,LocalSearch,0.0,0.0,0.0,Heuristic
OTEGlobe ,93,2,ILP,0.0,0.5990002155303955,0.0,Optimal
OTEGlobe ,93,2,Greedy,0.0,0.0,0.0,Heuristic
OTEGlobe ,93,2,LocalSearch,0.0,0.0,0.0,Heuristic
OTEGlobe ,93,3,ILP,0.0,0.6130001544952393,0.0,Optimal
OTEGlobe ,93,3,Greedy,0.0,0.0,0.0,Heuristic
OTEGlobe ,93,3,LocalSearch,0.0,0.0009999275207519531,0.0,Heuristic
OTEGlobe ,93,5,ILP,0.0,0.6019999980926514,0.0,Optimal
OTEGlobe ,93,5,Greedy,0.0,0.0,0.0,Heuristic
OTEGlobe ,93,5,LocalSearch,0.0,0.0019998550415039062,0.0,Heuristic
Interroute ,110,1,ILP,13321.698834652094,2.495999813079834,2.7308670254792788e-14,Optimal
Interroute ,110,1,Greedy,13321.69883465209,0.0,0.0,Heuristic
Interroute ,110,1,LocalSearch,13321.698834652092,0.0009999275207519531,1.3654335127396394e-14,Heuristic
Interroute ,110,2,ILP,8481.416548174984,1.0169999599456787,0.0,Optimal
Interroute ,110,2,Greedy,8485.65021206926,0.0,0.04991694335761752,Heuristic
Interroute ,110,2,LocalSearch,8481.416548174984,0.003000020980834961,0.0,Heuristic
Interroute ,110,3,ILP,4238.200199520416,1.0190000534057617,0.0,Optimal
Interroute ,110,3,Greedy,4238.200199520417,0.0,2.145945587647899e-14,Heuristic
Interroute ,110,3,LocalSearch,4238.200199520417,0.003999948501586914,2.145945587647899e-14,Heuristic
Interroute ,110,5,ILP,1178.3011793758214,1.0139999389648438,1.929673664280623e-14,Optimal
Interroute ,110,5,Greedy,1178.3011793758214,0.0,1.929673664280623e-14,Heuristic
Interroute ,110,5,LocalSearch,1178.3011793758212,0.01100015640258789,0.0,Heuristic
ITC Deltacom ,113,1,ILP,7061.986347891258,2.829000234603882,2.5757475502469863e-14,Optimal
ITC Deltacom ,113,1,Greedy,7061.986347891257,0.0,0.0,Heuristic
ITC Deltacom ,113,1,LocalSearch,7061.986347891257,0.0,0.0,Heuristic
ITC Deltacom ,113,2,ILP,1834.4445495027655,1.187999963760376,1.2394687836427803e-14,Optimal
ITC Deltacom ,113,2,Greedy,1834.4445495027653,0.0010001659393310547,0.0,Heuristic
ITC Deltacom ,113,2,LocalSearch,1834.4445495027653,0.0019998550415039062,0.0,Heuristic
ITC Deltacom ,113,3,ILP,249.67669188831593,1.1800000667572021,0.0,Optimal
ITC Deltacom ,113,3,Greedy,249.67669188831593,0.0,0.0,Heuristic
ITC Deltacom ,113,3,LocalSearch,249.67669188831596,0.0019998550415039062,1.1383405161070245e-14,Heuristic
ITC Deltacom ,113,5,ILP,41.49345234756189,1.1979999542236328,0.0,Optimal
ITC Deltacom ,113,5,Greedy,41.4934523475619,0.0,1.712421347369161e-14,Heuristic
ITC Deltacom ,113,5,LocalSearch,41.49345234756189,0.011999845504760742,0.0,Heuristic
ION,125,1,ILP,12565.869024177151,4.187000036239624,4.342690664798577e-14,Optimal
ION,125,1,Greedy,12565.86902417715,0.0,2.895127109865718e-14,Heuristic
ION,125,1,LocalSearch,12565.869024177146,0.0,0.0,Heuristic
ION,125,2,ILP,4880.172278826816,1.5699999332427979,1.453649229681363e-12,Optimal
ION,125,2,Greedy,7238.902054127877,0.0,48.33292024412302,Heuristic
ION,125,2,LocalSearch,4880.172278826745,0.002000093460083008,0.0,Heuristic
ION,125,3,ILP,2270.9223583222147,1.4070000648498535,2.0024786370170628e-14,Optimal
ION,125,3,Greedy,2270.922358322214,0.0,0.0,Heuristic
ION,125,3,LocalSearch,2270.922358322214,0.006000041961669922,0.0,Heuristic
ION,125,5,ILP,1200.5050948942476,7.480000019073486,0.0,Optimal
ION,125,5,Greedy,1410.8191896385802,0.0009999275207519531,17.518800681379794,Heuristic
ION,125,5,LocalSearch,1200.505094894249,0.019999980926513672,1.136390056536635e-13,Heuristic
PERN,127,1,ILP,17878.65443130763,4.133999824523926,0.0,Optimal
PERN,127,1,Greedy,17878.65443130763,0.0,0.0,Heuristic
PERN,127,1,LocalSearch,17878.654431307637,0.0,4.069633787116757e-14,Heuristic
PERN,127,2,ILP,4375.455869752569,1.571000099182129,2.07862844203331e-14,Optimal
PERN,127,2,Greedy,4495.32577635747,0.0,2.7395981167027688,Heuristic
PERN,127,2,LocalSearch,4375.455869752568,0.0019998550415039062,0.0,Heuristic
PERN,127,3,ILP,1615.9748877287782,1.44100022315979,0.0,Optimal
PERN,127,3,Greedy,1615.9748877287784,0.0,1.4070371833735698e-14,Heuristic
PERN,127,3,LocalSearch,1615.9748877287786,0.003999948501586914,2.8140743667471395e-14,Heuristic
PERN,127,5,ILP,418.36096776554854,1.38100004196167,6.793585353385952e-14,Optimal
PERN,127,5,Greedy,418.36096776554854,0.0,6.793585353385952e-14,Heuristic
PERN,127,5,LocalSearch,418.36096776554825,0.01699995994567871,0.0,Heuristic
TATA,145,1,ILP,48344.77308269946,8.559000015258789,0.0,Optimal
TATA,145,1,Greedy,48344.773082699474,0.0,3.010028654695323e-14,Heuristic
TATA,145,1,LocalSearch,48344.77308269948,0.0,4.5150429820429844e-14,Heuristic
TATA,145,2,ILP,7394.397025292429,2.308000087738037,1.2299781830242747e-14,Optimal
TATA,145,2,Greedy,24326.00677796938,0.0,228.9789105827375,Heuristic
TATA,145,2,LocalSearch,7394.397025292428,0.0009999275207519531,0.0,Heuristic
TATA,145,3,ILP,4830.908029945477,2.1439998149871826,1.882657869152589e-14,Optimal
TATA,145,3,Greedy,4889.81349589936,0.0,1.2193456300294783,Heuristic
TATA,145,3,LocalSearch,4830.908029945476,0.007999897003173828,0.0,Heuristic
TATA,145,5,ILP,2582.2513147154473,2.128999948501587,3.522099869172303e-14,Optimal
TATA,145,5,Greedy,2944.2074003681896,0.0009999275207519531,14.017074309927471,Heuristic
TATA,145,5,LocalSearch,2582.2513147154464,0.0280001163482666,0.0,Heuristic
GTS CE,149,1,ILP,18191.130119016005,9.11899995803833,1.9998641004105464e-14,Optimal
GTS CE,149,1,Greedy,18191.130119016,0.0,0.0,Heuristic
GTS CE,149,1,LocalSearch,18191.130119016,0.0,0.0,Heuristic
GTS CE,149,2,ILP,7632.021505934144,1.8929998874664307,8.341778003980166e-14,Optimal
GTS CE,149,2,Greedy,9848.156965779934,0.0,29.03733248291662,Heuristic
GTS CE,149,2,LocalSearch,7632.021505934138,0.003000020980834961,0.0,Heuristic
GTS CE,149,3,ILP,5395.114626929734,1.9710001945495605,6.743098263256041e-14,Optimal
GTS CE,149,3,Greedy,5395.114626929733,0.0,5.0573236974420305e-14,Heuristic
GTS CE,149,3,LocalSearch,5395.114626929731,0.006999969482421875,0.0,Heuristic
GTS CE,149,5,ILP,2442.9015112824577,1.931999921798706,0.0,Optimal
GTS CE,149,5,Greedy,2523.5841575296695,0.0,3.3027383983587435,Heuristic
GTS CE,149,5,LocalSearch,2442.901511282458,0.029999971389770508,1.8615050536676528e-14,Heuristic
Colt Telecom ,153,1,ILP,NaN,NaN,NaN,Skipped
Colt Telecom ,153,1,Greedy,18198.658385280403,0.0,1.999036813633589e-14,Heuristic
Colt Telecom ,153,1,LocalSearch,18198.6583852804,0.0,0.0,Heuristic
Colt Telecom ,153,2,ILP,NaN,NaN,NaN,Skipped
Colt Telecom ,153,2,Greedy,11021.859135464845,0.0,49.79932277919374,Heuristic
Colt Telecom ,153,2,LocalSearch,7357.749641973493,0.0009999275207519531,0.0,Heuristic
Colt Telecom ,153,3,ILP,NaN,NaN,NaN,Skipped
Colt Telecom ,153,3,Greedy,6361.8800090573695,0.0,32.910574710321924,Heuristic
Colt Telecom ,153,3,LocalSearch,4786.5867880889555,0.004999876022338867,0.0,Heuristic
Colt Telecom ,153,5,ILP,NaN,NaN,NaN,Skipped
Colt Telecom ,153,5,Greedy,2921.0820381078747,0.0,17.88926839443248,Heuristic
Colt Telecom ,153,5,LocalSearch,2477.8184459797935,0.02200007438659668,0.0,Heuristic
US Carrier,158,1,ILP,NaN,NaN,NaN,Skipped
US Carrier,158,1,Greedy,20491.994924759772,0.0,7.101268218051471e-14,Heuristic
US Carrier,158,1,LocalSearch,20491.994924759758,0.0009999275207519531,0.0,Heuristic
US Carrier,158,2,ILP,NaN,NaN,NaN,Skipped
US Carrier,158,2,Greedy,12241.11850588132,0.0,14.994349425206378,Heuristic
US Carrier,158,2,LocalSearch,10644.973920082119,0.0009999275207519531,0.0,Heuristic
US Carrier,158,3,ILP,NaN,NaN,NaN,Skipped
US Carrier,158,3,Greedy,5873.743975160091,0.0009999275207519531,46.00058141613001,Heuristic
US Carrier,158,3,LocalSearch,4023.096290568036,0.00800013542175293,0.0,Heuristic
US Carrier,158,5,ILP,NaN,NaN,NaN,Skipped
US Carrier,158,5,Greedy,774.8474919363288,0.0,22.44384508917457,Heuristic
US Carrier,158,5,LocalSearch,632.8186536220056,0.01699995994567871,0.0,Heuristic
Dial Telecom ,193,1,ILP,NaN,NaN,NaN,Skipped
Dial Telecom ,193,1,Greedy,0.0,0.0,0.0,Heuristic
Dial Telecom ,193,1,LocalSearch,0.0,0.0009999275207519531,0.0,Heuristic
Dial Telecom ,193,2,ILP,NaN,NaN,NaN,Skipped
Dial Telecom ,193,2,Greedy,0.0,0.0,0.0,Heuristic
Dial Telecom ,193,2,LocalSearch,0.0,0.002000093460083008,0.0,Heuristic
Dial Telecom ,193,3,ILP,NaN,NaN,NaN,Skipped
Dial Telecom ,193,3,Greedy,0.0,0.0,0.0,Heuristic
Dial Telecom ,193,3,LocalSearch,0.0,0.002000093460083008,0.0,Heuristic
Dial Telecom ,193,5,ILP,NaN,NaN,NaN,Skipped
Dial Telecom ,193,5,Greedy,0.0,0.0,0.0,Heuristic
Dial Telecom ,193,5,LocalSearch,0.0,0.0070002079010009766,0.0,Heuristic
Cogent ,197,1,ILP,NaN,NaN,NaN,Skipped
Cogent ,197,1,Greedy,255987.8412790503,0.0,5.684611876742979e-14,Heuristic
Cogent ,197,1,LocalSearch,255987.84127905016,0.0009999275207519531,0.0,Heuristic
Cogent ,197,2,ILP,NaN,NaN,NaN,Skipped
Cogent ,197,2,Greedy,18821.902436659628,0.0,22.378555610719342,Heuristic
Cogent ,197,2,LocalSearch,15380.065847918037,0.006999969482421875,0.0,Heuristic
Cogent ,197,3,ILP,NaN,NaN,NaN,Skipped
Cogent ,197,3,Greedy,13035.366933291518,0.0,37.49204196802552,Heuristic
Cogent ,197,3,LocalSearch,9480.81557791029,0.017999887466430664,0.0,Heuristic
Cogent ,197,5,ILP,NaN,NaN,NaN,Skipped
Cogent ,197,5,Greedy,6762.460587413499,0.0,25.710856129930427,Heuristic
Cogent ,197,5,LocalSearch,5379.376766334366,0.051999807357788086,0.0,Heuristic
